Crime_ID,Date,Time,Time_Slot,Area,Police_Station,Latitude,Longitude,Crime_Type,Street_Lighting_Score,Crowd_Density,Nearby_Police_km,Nearby_Hospital_km,Known_Dark_Spot,Risk_Score,Risk_Level,Area_Risk_Priority,
NAG2025_0001,2025-11-04,07:57,Morning,Beltarodi,Beltarodi,21.07524,79.07734,Kidnapping,10,Medium,3.96,2.83,FALSE,41,Low,2,
NAG2025_0002,2025-01-06,06:28,Morning,Pratap Nagar,Pratap Nagar,21.11742,79.05357,Sexual Harassment,8,Medium,1.21,1.41,FALSE,63,Medium,25,
NAG2025_0003,2025-05-30,16:34,Afternoon,Panchpaoli,Panchpaoli,21.15734,79.09324,Eve Teasing,5,Medium,4.41,3.58,FALSE,47,Medium,24,
NAG2025_0004,2025-03-01,20:55,Evening,Ganeshpeth,Ganeshpeth,21.13892,79.09516,Domestic Violence,7,Medium,3.8,3.08,FALSE,66,Medium,14,
NAG2025_0005,2025-04-25,17:36,Evening,Yashodhara Nagar,Yashodhara Nagar,21.18104,79.12995,Domestic Violence,3,High,4.82,2.71,FALSE,69,High,4,
NAG2025_0006,2025-12-12,11:29,Morning,Pardi,Pardi,21.14106,79.16414,Kidnapping,8,High,4.81,4.9,FALSE,32,Low,8,
NAG2025_0007,2025-04-14,03:27,Night,Seminary Hills,Seminary Hills,21.16649,79.05651,Stalking,5,High,0.24,0.92,FALSE,88,High,27,
NAG2025_0008,2025-09-12,20:32,Evening,Panchpaoli,Panchpaoli,21.15661,79.0917,Eve Teasing,7,Medium,4.55,4.19,FALSE,66,Medium,24,
NAG2025_0009,2025-09-03,18:27,Evening,Beltarodi,Beltarodi,21.0771,79.08007,Domestic Violence,2,Medium,4.54,1.98,TRUE,100,High,2,
NAG2025_0010,2025-04-12,17:39,Evening,Beltarodi,Beltarodi,21.07937,79.07314,Domestic Violence,4,Low,0.41,2.82,TRUE,100,High,2,
NAG2025_0011,2025-03-11,04:44,Night,Mahal,Mahal,21.13826,79.1138,Sexual Harassment,9,Low,3.02,4.8,FALSE,69,High,6,
NAG2025_0012,2025-07-30,01:32,Night,Beltarodi,Beltarodi,21.0769,79.08157,Stalking,7,High,2.7,1.14,TRUE,69,High,2,
NAG2025_0013,2025-09-19,21:01,Night,Trimurti Nagar,Trimurti Nagar,21.10958,79.03491,Molestation,8,Medium,1.66,1.77,FALSE,78,High,28,
NAG2025_0014,2025-11-03,14:29,Afternoon,Kotwali,Kotwali,21.14852,79.10454,Domestic Violence,4,Medium,0.53,2.12,FALSE,82,High,18,
NAG2025_0015,2025-12-31,00:30,Night,Hudkeshwar,Hudkeshwar,21.09122,79.13039,Domestic Violence,1,Low,2.74,3.97,TRUE,100,High,1,
NAG2025_0016,2025-06-06,12:24,Afternoon,Kalamna,Kalamna,21.15798,79.14017,Domestic Violence,3,Medium,1.46,2.59,FALSE,72,High,3,
NAG2025_0017,2025-02-18,01:52,Night,Mahalaxmi Nagar,Mahalaxmi Nagar,21.09809,79.12021,Eve Teasing,4,Low,4.78,4.42,FALSE,89,High,9,
NAG2025_0018,2025-10-15,18:22,Evening,Ajni,Ajni,21.13017,79.08404,Assault,10,High,1.24,3.18,FALSE,47,Medium,11,
NAG2025_0019,2025-08-12,08:06,Morning,Dharampeth,Dharampeth,21.14041,79.06374,Sexual Harassment,3,Low,0.49,1.91,FALSE,94,High,13,
NAG2025_0020,2025-05-12,23:16,Night,Beltarodi,Beltarodi,21.07335,79.0781,Eve Teasing,2,Low,4.36,4.54,TRUE,100,High,2,
NAG2025_0021,2025-08-22,19:20,Evening,Hudkeshwar,Hudkeshwar,21.08812,79.1251,Eve Teasing,10,Medium,3.63,0.38,TRUE,66,Medium,1,
NAG2025_0022,2025-05-09,16:43,Afternoon,Kotwali,Kotwali,21.14473,79.10976,Eve Teasing,7,Low,4.12,0.48,FALSE,66,Medium,18,
NAG2025_0023,2025-08-02,01:49,Night,Yashodhara Nagar,Yashodhara Nagar,21.18015,79.12796,Stalking,6,Medium,0.3,4.79,TRUE,96,High,4,
NAG2025_0024,2025-08-06,19:01,Evening,Seminary Hills,Seminary Hills,21.16263,79.05127,Eve Teasing,10,Low,2.19,2.01,FALSE,62,Medium,27,
NAG2025_0025,2025-05-11,20:56,Evening,Ajni,Ajni,21.12351,79.07762,Stalking,3,Low,0.28,2.8,FALSE,100,High,11,
NAG2025_0026,2025-05-16,10:52,Morning,Beltarodi,Beltarodi,21.07648,79.07311,Eve Teasing,6,Medium,3.82,1.72,FALSE,44,Medium,2,
NAG2025_0027,2025-07-04,03:45,Night,Lashkaribagh,Lashkaribagh,21.16492,79.1042,Stalking,4,Medium,1.52,4.33,FALSE,87,High,20,
NAG2025_0028,2025-07-30,13:40,Afternoon,Pardi,Pardi,21.14775,79.16427,Stalking,3,Medium,0.23,1.9,FALSE,80,High,8,
NAG2025_0029,2025-02-21,19:08,Evening,Hingna,Hingna,21.06661,79.02216,Molestation,1,Medium,4.28,3.54,TRUE,95,High,7,
NAG2025_0030,2025-02-13,05:06,Night,Hingna,Hingna,21.07162,79.03014,Kidnapping,3,High,1.8,1.45,TRUE,100,High,7,
NAG2025_0031,2025-11-19,15:12,Afternoon,Ajni,Ajni,21.1233,79.08027,Sexual Harassment,1,High,3.31,4.71,FALSE,69,High,11,
NAG2025_0032,2025-03-16,08:34,Morning,Ajni,Ajni,21.13045,79.08271,Stalking,3,Low,0.76,3.4,FALSE,95,High,11,
NAG2025_0033,2025-02-24,18:08,Evening,Besa,Besa,21.08216,79.08733,Domestic Violence,6,Medium,4.4,3.69,FALSE,64,Medium,12,
NAG2025_0034,2025-08-22,19:43,Evening,Nandanvan,Nandanvan,21.13727,79.13173,Eve Teasing,10,Medium,0.53,4.88,FALSE,62,Medium,23,
NAG2025_0035,2025-12-03,19:58,Evening,Yashodhara Nagar,Yashodhara Nagar,21.18346,79.12237,Domestic Violence,8,Medium,1.05,4.07,TRUE,87,High,4,
NAG2025_0036,2025-10-18,18:28,Evening,Mahal,Mahal,21.14608,79.11125,Kidnapping,3,Medium,1.78,0.77,FALSE,89,High,6,
NAG2025_0037,2025-05-31,06:17,Morning,Yashodhara Nagar,Yashodhara Nagar,21.18229,79.12337,Molestation,10,Medium,2.13,0.3,FALSE,44,Medium,4,
NAG2025_0038,2025-04-18,05:33,Night,Mahal,Mahal,21.145,79.11638,Assault,7,Medium,1.79,4.63,FALSE,63,Medium,6,
NAG2025_0039,2025-09-05,20:54,Evening,Sadar,Sadar,21.16048,79.0718,Sexual Harassment,6,Low,3.83,3.25,FALSE,82,High,26,
NAG2025_0040,2025-10-12,19:05,Evening,Sitabuldi,Sitabuldi,21.14579,79.09002,Domestic Violence,4,Medium,0.25,0.66,FALSE,79,High,5,
NAG2025_0041,2025-01-15,18:06,Evening,Mahalaxmi Nagar,Mahalaxmi Nagar,21.10089,79.1171,Molestation,5,High,0.41,2.84,FALSE,63,Medium,9,
NAG2025_0042,2025-09-08,15:16,Afternoon,Wathoda,Wathoda,21.13758,79.13814,Molestation,6,High,0.38,2.55,TRUE,80,High,30,
NAG2025_0043,2025-04-22,03:19,Night,Yashodhara Nagar,Yashodhara Nagar,21.18439,79.12268,Molestation,10,Low,2.17,0.51,FALSE,71,High,4,
NAG2025_0044,2025-11-02,10:33,Morning,Lakadganj,Lakadganj,21.15686,79.11576,Domestic Violence,6,Medium,3.37,1.93,TRUE,75,High,19,
NAG2025_0045,2025-02-24,03:40,Night,Panchpaoli,Panchpaoli,21.15493,79.09774,Assault,10,High,0.34,1.36,FALSE,62,Medium,24,
NAG2025_0046,2025-12-14,23:35,Night,Beltarodi,Beltarodi,21.07232,79.08083,Stalking,6,Medium,3.32,2.76,FALSE,65,Medium,2,
NAG2025_0047,2025-12-08,21:51,Night,Jaripatka,Jaripatka,21.18411,79.08253,Eve Teasing,1,Low,1.64,4.13,FALSE,100,High,17,
NAG2025_0048,2025-11-25,23:26,Night,Ganeshpeth,Ganeshpeth,21.13656,79.09262,Stalking,10,Medium,2.82,0.34,FALSE,51,Medium,14,
NAG2025_0049,2025-08-30,16:02,Afternoon,Sadar,Sadar,21.16262,79.07593,Eve Teasing,1,Low,1.89,4.25,FALSE,97,High,26,
NAG2025_0050,2025-04-13,11:27,Morning,Sitabuldi,Sitabuldi,21.13827,79.08714,Kidnapping,3,Low,3.38,2.57,FALSE,79,High,5,
NAG2025_0051,2025-08-14,14:40,Afternoon,Wardha Road,Wardha Road,21.1076,79.06814,Molestation,9,Medium,0.64,4.51,FALSE,43,Medium,29,
NAG2025_0052,2025-04-07,11:27,Morning,Hudkeshwar,Hudkeshwar,21.09292,79.12822,Eve Teasing,7,Low,4.86,3.31,FALSE,66,Medium,1,
NAG2025_0053,2025-03-12,02:31,Night,Sitabuldi,Sitabuldi,21.14164,79.08221,Domestic Violence,2,High,2.89,4.85,FALSE,81,High,5,
NAG2025_0054,2025-08-28,12:29,Afternoon,Kotwali,Kotwali,21.14978,79.1097,Molestation,6,Medium,4.02,4.14,FALSE,58,Medium,18,
NAG2025_0055,2025-11-27,17:24,Evening,Sitabuldi,Sitabuldi,21.1388,79.08253,Domestic Violence,10,High,3.14,2.8,TRUE,49,Medium,5,
NAG2025_0056,2025-02-06,06:47,Morning,Hudkeshwar,Hudkeshwar,21.08969,79.12368,Kidnapping,10,Medium,3.72,4.31,TRUE,49,Medium,1,
NAG2025_0057,2025-06-10,13:32,Afternoon,Wathoda,Wathoda,21.13529,79.13868,Domestic Violence,7,Low,1.4,1.08,FALSE,59,Medium,30,
NAG2025_0058,2025-08-27,12:33,Afternoon,Mahalaxmi Nagar,Mahalaxmi Nagar,21.09865,79.12069,Domestic Violence,3,Low,4.33,1.71,FALSE,84,High,9,
NAG2025_0059,2025-04-22,19:51,Evening,Kotwali,Kotwali,21.144,79.1117,Eve Teasing,10,Low,1.02,2.15,TRUE,77,High,18,
NAG2025_0060,2025-05-17,13:33,Afternoon,Seminary Hills,Seminary Hills,21.16502,79.0501,Eve Teasing,6,Low,1.0,4.58,FALSE,80,High,27,
NAG2025_0061,2025-09-21,11:29,Morning,Panchpaoli,Panchpaoli,21.15296,79.09709,Sexual Harassment,1,High,4.53,4.84,FALSE,75,High,24,
NAG2025_0062,2025-01-23,10:41,Morning,Hudkeshwar,Hudkeshwar,21.08668,79.12852,Molestation,8,High,0.54,3.56,TRUE,67,Medium,1,
NAG2025_0063,2025-08-26,16:25,Afternoon,Telangkhedi,Telangkhedi,21.15871,79.04928,Eve Teasing,2,Low,0.27,2.05,TRUE,100,High,10,
NAG2025_0064,2025-12-02,14:41,Afternoon,Kalamna,Kalamna,21.15191,79.14186,Domestic Violence,3,Medium,0.29,0.56,FALSE,89,High,3,
NAG2025_0065,2025-06-15,23:43,Night,Kotwali,Kotwali,21.14564,79.10543,Kidnapping,3,Medium,0.75,0.21,FALSE,100,High,18,
NAG2025_0066,2025-11-29,16:01,Afternoon,Telangkhedi,Telangkhedi,21.1575,79.05,Domestic Violence,5,Low,2.01,1.37,FALSE,76,High,10,
NAG2025_0067,2025-03-31,02:58,Night,Lakadganj,Lakadganj,21.15486,79.11584,Domestic Violence,8,Medium,1.36,2.46,FALSE,72,High,19,
NAG2025_0068,2025-07-28,19:09,Evening,Telangkhedi,Telangkhedi,21.15993,79.04546,Eve Teasing,5,Low,3.12,4.75,FALSE,80,High,10,
NAG2025_0069,2025-08-13,03:17,Night,Pardi,Pardi,21.14085,79.15757,Molestation,8,High,4.19,1.4,FALSE,49,Medium,8,
NAG2025_0070,2025-05-31,07:44,Morning,Sitabuldi,Sitabuldi,21.14112,79.08379,Sexual Harassment,7,Low,3.52,1.76,FALSE,55,Medium,5,
NAG2025_0071,2025-05-15,20:44,Evening,Beltarodi,Beltarodi,21.07356,79.07758,Molestation,6,High,2.37,1.04,TRUE,79,High,2,
NAG2025_0072,2025-09-12,09:40,Morning,Manewada,Manewada,21.09352,79.11176,Sexual Harassment,1,Medium,3.74,4.04,FALSE,78,High,22,
NAG2025_0073,2025-12-07,05:18,Night,Manewada,Manewada,21.09278,79.11019,Kidnapping,10,Medium,4.19,1.88,FALSE,47,Medium,22,
NAG2025_0074,2025-10-27,00:35,Night,Hingna,Hingna,21.07052,79.02666,Assault,7,Medium,3.77,4.38,TRUE,81,High,7,
NAG2025_0075,2025-10-07,19:01,Evening,Mahalaxmi Nagar,Mahalaxmi Nagar,21.09877,79.12537,Eve Teasing,2,High,0.76,2.11,FALSE,77,High,9,
NAG2025_0076,2025-02-03,12:06,Afternoon,Telangkhedi,Telangkhedi,21.16212,79.04531,Molestation,6,Medium,2.41,2.19,FALSE,61,Medium,10,
NAG2025_0077,2025-05-02,12:22,Afternoon,Kalamna,Kalamna,21.15752,79.14487,Molestation,3,Medium,4.76,4.6,FALSE,67,Medium,3,
NAG2025_0078,2025-09-12,12:28,Afternoon,Lashkaribagh,Lashkaribagh,21.16775,79.09581,Eve Teasing,1,Medium,1.89,0.67,TRUE,94,High,20,
NAG2025_0079,2025-03-14,07:00,Morning,Nandanvan,Nandanvan,21.13635,79.12809,Molestation,10,Medium,1.68,3.92,FALSE,35,Low,23,
NAG2025_0080,2025-06-13,10:16,Morning,Yashodhara Nagar,Yashodhara Nagar,21.18617,79.12145,Kidnapping,7,High,4.36,1.69,FALSE,41,Low,4,
NAG2025_0081,2025-05-14,19:26,Evening,Kalamna,Kalamna,21.15373,79.13661,Sexual Harassment,4,High,3.91,3.03,TRUE,86,High,3,
NAG2025_0082,2025-11-01,07:38,Morning,Sitabuldi,Sitabuldi,21.14064,79.08321,Sexual Harassment,6,Medium,3.69,4.81,TRUE,71,High,5,
NAG2025_0083,2025-12-15,03:48,Night,Nandanvan,Nandanvan,21.13991,79.12873,Stalking,8,Medium,2.93,1.92,FALSE,60,Medium,23,
NAG2025_0084,2025-12-30,17:55,Evening,Mahal,Mahal,21.14072,79.11195,Molestation,5,Medium,2.81,0.46,FALSE,66,Medium,6,
NAG2025_0085,2025-04-28,12:04,Afternoon,Hingna,Hingna,21.07537,79.02996,Molestation,3,Low,1.96,4.37,FALSE,81,High,7,
NAG2025_0086,2025-03-01,09:14,Morning,Lakadganj,Lakadganj,21.15457,79.1191,Eve Teasing,2,High,4.01,0.54,FALSE,66,Medium,19,
NAG2025_0087,2025-07-09,08:26,Morning,Hingna,Hingna,21.0676,79.03013,Sexual Harassment,9,Medium,4.01,1.11,TRUE,57,Medium,7,
NAG2025_0088,2025-10-21,22:29,Night,Yashodhara Nagar,Yashodhara Nagar,21.18615,79.12605,Sexual Harassment,7,High,2.32,3.25,FALSE,55,Medium,4,
NAG2025_0089,2025-03-19,05:39,Night,Ajni,Ajni,21.12964,79.08164,Molestation,4,Medium,3.86,3.51,TRUE,92,High,11,
NAG2025_0090,2025-12-10,02:36,Night,Mahalaxmi Nagar,Mahalaxmi Nagar,21.0956,79.1193,Eve Teasing,2,Low,1.25,1.83,TRUE,100,High,9,
NAG2025_0091,2025-03-18,13:10,Afternoon,Beltarodi,Beltarodi,21.07565,79.07912,Domestic Violence,4,Medium,3.48,2.07,FALSE,60,Medium,2,
NAG2025_0092,2025-05-27,23:39,Night,Kalamna,Kalamna,21.15714,79.14565,Domestic Violence,9,Low,2.87,4.27,TRUE,85,High,3,
NAG2025_0093,2025-06-07,12:13,Afternoon,Nandanvan,Nandanvan,21.13413,79.12569,Molestation,2,Low,3.45,2.19,FALSE,77,High,23,
NAG2025_0094,2025-04-14,09:05,Morning,Beltarodi,Beltarodi,21.07963,79.08132,Eve Teasing,4,High,0.25,4.93,TRUE,88,High,2,
NAG2025_0095,2025-11-12,05:47,Night,Sitabuldi,Sitabuldi,21.14052,79.0919,Kidnapping,4,Low,4.24,2.96,FALSE,95,High,5,
NAG2025_0096,2025-11-21,14:35,Afternoon,Lakadganj,Lakadganj,21.14982,79.11928,Kidnapping,9,Medium,2.13,4.33,TRUE,66,Medium,19,
NAG2025_0097,2025-03-16,21:30,Night,Pratap Nagar,Pratap Nagar,21.11176,79.05583,Stalking,8,Medium,3.63,3.3,FALSE,54,Medium,25,
NAG2025_0098,2025-01-20,12:07,Afternoon,Beltarodi,Beltarodi,21.07444,79.07867,Molestation,9,Medium,1.03,4.53,FALSE,41,Low,2,
NAG2025_0099,2025-08-10,15:35,Afternoon,Kalamna,Kalamna,21.15556,79.13806,Stalking,4,Low,2.0,1.97,TRUE,98,High,3,
NAG2025_0100,2025-06-19,13:46,Afternoon,Kotwali,Kotwali,21.14815,79.11258,Molestation,9,Low,1.13,1.49,TRUE,72,High,18,
NAG2025_0101,2025-05-29,21:17,Night,Dharampeth,Dharampeth,21.13696,79.0612,Domestic Violence,2,Medium,1.52,4.47,FALSE,100,High,13,
NAG2025_0102,2025-12-24,12:07,Afternoon,Hudkeshwar,Hudkeshwar,21.08965,79.12725,Domestic Violence,5,Low,0.46,4.36,TRUE,97,High,1,
NAG2025_0103,2025-03-29,14:58,Afternoon,Kotwali,Kotwali,21.14365,79.10526,Sexual Harassment,10,High,3.93,1.54,FALSE,28,Low,18,
NAG2025_0104,2025-07-20,12:11,Afternoon,Seminary Hills,Seminary Hills,21.16175,79.05554,Molestation,2,Medium,2.14,2.88,TRUE,95,High,27,
NAG2025_0105,2025-01-11,13:01,Afternoon,Hudkeshwar,Hudkeshwar,21.09461,79.1318,Eve Teasing,8,Low,0.28,4.73,TRUE,79,High,1,
NAG2025_0106,2025-04-13,09:02,Morning,Pratap Nagar,Pratap Nagar,21.11749,79.0561,Assault,1,Medium,4.93,2.49,FALSE,80,High,25,
NAG2025_0107,2025-05-03,01:25,Night,Beltarodi,Beltarodi,21.07442,79.07933,Kidnapping,6,Low,0.22,0.34,FALSE,100,High,2,
NAG2025_0108,2025-04-11,07:24,Morning,Hudkeshwar,Hudkeshwar,21.08882,79.1283,Eve Teasing,8,High,4.4,2.56,TRUE,51,Medium,1,
NAG2025_0109,2025-09-19,09:02,Morning,Panchpaoli,Panchpaoli,21.14979,79.08855,Kidnapping,2,High,3.93,4.34,FALSE,51,Medium,24,
NAG2025_0110,2025-09-18,18:38,Evening,Mahal,Mahal,21.1432,79.11437,Sexual Harassment,2,High,4.5,1.14,TRUE,82,High,6,
NAG2025_0111,2025-10-26,17:08,Evening,Mahalaxmi Nagar,Mahalaxmi Nagar,21.10344,79.12051,Eve Teasing,10,Medium,4.59,4.93,FALSE,47,Medium,9,
NAG2025_0112,2025-06-18,09:14,Morning,Mahalaxmi Nagar,Mahalaxmi Nagar,21.09824,79.11799,Assault,2,Medium,2.19,4.23,TRUE,100,High,9,
NAG2025_0113,2025-12-17,06:29,Morning,Sitabuldi,Sitabuldi,21.14263,79.08466,Stalking,3,Medium,1.28,4.94,FALSE,74,High,5,
NAG2025_0114,2025-09-28,23:00,Night,Beltarodi,Beltarodi,21.07833,79.07795,Assault,3,High,1.69,3.23,TRUE,96,High,2,
NAG2025_0115,2025-11-01,11:51,Morning,Hingna,Hingna,21.07145,79.02988,Stalking,6,Low,0.49,5.0,TRUE,100,High,7,
NAG2025_0116,2025-02-23,10:03,Morning,Kotwali,Kotwali,21.14602,79.10311,Eve Teasing,4,Low,3.2,1.85,FALSE,76,High,18,
NAG2025_0117,2025-08-28,18:58,Evening,Trimurti Nagar,Trimurti Nagar,21.11344,79.0409,Assault,7,Medium,3.29,0.84,FALSE,59,Medium,28,
NAG2025_0118,2025-01-11,20:02,Evening,Jaripatka,Jaripatka,21.17881,79.0829,Assault,3,Low,2.81,4.98,FALSE,85,High,17,
NAG2025_0119,2025-06-14,02:55,Night,Imamwada,Imamwada,21.13073,79.0874,Domestic Violence,1,Low,4.37,3.78,TRUE,100,High,16,
NAG2025_0120,2025-08-31,17:46,Evening,Lashkaribagh,Lashkaribagh,21.16074,79.09644,Kidnapping,2,High,0.79,3.86,FALSE,75,High,20,
NAG2025_0121,2025-01-09,20:34,Evening,Jaripatka,Jaripatka,21.17779,79.08439,Molestation,2,Medium,1.25,2.06,TRUE,100,High,17,
NAG2025_0122,2025-07-08,13:00,Afternoon,Gittikhadan,Gittikhadan,21.16832,79.04914,Eve Teasing,2,Low,2.75,0.86,FALSE,89,High,15,
NAG2025_0123,2025-04-20,23:51,Night,Panchpaoli,Panchpaoli,21.1572,79.09099,Sexual Harassment,9,Medium,3.26,4.17,FALSE,50,Medium,24,
NAG2025_0124,2025-12-07,05:56,Night,Beltarodi,Beltarodi,21.07741,79.07407,Assault,7,Low,4.01,4.71,FALSE,77,High,2,
NAG2025_0125,2025-12-19,15:33,Afternoon,Hudkeshwar,Hudkeshwar,21.0929,79.1256,Assault,6,Low,0.93,0.87,TRUE,89,High,1,
NAG2025_0126,2025-05-11,04:19,Night,Imamwada,Imamwada,21.13503,79.08676,Kidnapping,8,Medium,0.39,4.18,FALSE,74,High,16,
NAG2025_0127,2025-07-21,14:36,Afternoon,Yashodhara Nagar,Yashodhara Nagar,21.17912,79.12793,Sexual Harassment,6,High,0.25,2.18,TRUE,70,High,4,
NAG2025_0128,2025-10-06,23:24,Night,Yashodhara Nagar,Yashodhara Nagar,21.17887,79.12535,Stalking,8,Medium,0.25,3.83,FALSE,71,High,4,
NAG2025_0129,2025-01-14,04:11,Night,Sitabuldi,Sitabuldi,21.14628,79.08516,Kidnapping,6,Medium,1.37,4.3,TRUE,98,High,5,
NAG2025_0130,2025-02-10,20:22,Evening,Seminary Hills,Seminary Hills,21.17019,79.05481,Domestic Violence,7,High,2.82,2.6,FALSE,38,Low,27,
NAG2025_0131,2025-08-15,11:34,Morning,Wathoda,Wathoda,21.13536,79.13582,Kidnapping,7,Medium,1.39,4.58,FALSE,58,Medium,30,
NAG2025_0132,2025-04-01,17:01,Evening,Beltarodi,Beltarodi,21.07047,79.07791,Sexual Harassment,9,High,1.0,0.26,TRUE,76,High,2,
NAG2025_0133,2025-04-06,19:19,Evening,Jaripatka,Jaripatka,21.18509,79.09059,Eve Teasing,8,Medium,0.45,2.02,FALSE,59,Medium,17,
NAG2025_0134,2025-04-18,15:17,Afternoon,Wardha Road,Wardha Road,21.10256,79.07203,Stalking,3,Medium,0.74,3.56,FALSE,76,High,29,
NAG2025_0135,2025-08-15,14:19,Afternoon,Kalamna,Kalamna,21.15241,79.14326,Kidnapping,10,High,2.09,0.84,TRUE,41,Low,3,
NAG2025_0136,2025-08-10,13:46,Afternoon,Sadar,Sadar,21.16388,79.06881,Molestation,7,Medium,4.74,0.95,FALSE,47,Medium,26,
NAG2025_0137,2025-09-08,01:47,Night,Beltarodi,Beltarodi,21.07547,79.08184,Eve Teasing,2,Medium,0.33,4.82,TRUE,100,High,2,
NAG2025_0138,2025-09-11,09:20,Morning,Jaripatka,Jaripatka,21.17855,79.08281,Domestic Violence,10,Medium,2.45,2.54,FALSE,35,Low,17,
NAG2025_0139,2025-02-06,02:00,Night,Beltarodi,Beltarodi,21.07881,79.07257,Domestic Violence,2,Low,3.14,3.83,TRUE,100,High,2,
NAG2025_0140,2025-08-23,12:01,Afternoon,Kotwali,Kotwali,21.15006,79.11139,Domestic Violence,5,High,1.75,4.54,FALSE,61,Medium,18,
NAG2025_0141,2025-12-16,19:48,Evening,Beltarodi,Beltarodi,21.07823,79.07286,Stalking,1,Medium,4.2,4.5,FALSE,93,High,2,
NAG2025_0142,2025-02-01,17:04,Evening,Jaripatka,Jaripatka,21.18535,79.08878,Assault,2,Medium,4.8,4.19,FALSE,89,High,17,
NAG2025_0143,2025-12-09,15:22,Afternoon,Gittikhadan,Gittikhadan,21.16996,79.04628,Eve Teasing,4,Medium,3.25,3.84,TRUE,74,High,15,
NAG2025_0144,2025-02-03,23:41,Night,Sitabuldi,Sitabuldi,21.14656,79.0825,Sexual Harassment,9,Medium,3.2,4.52,TRUE,79,High,5,
NAG2025_0145,2025-11-26,13:13,Afternoon,Sitabuldi,Sitabuldi,21.1468,79.09001,Eve Teasing,7,Medium,3.84,2.92,FALSE,39,Low,5,
NAG2025_0146,2025-06-20,16:00,Afternoon,Telangkhedi,Telangkhedi,21.16225,79.04722,Molestation,10,Low,3.11,0.42,FALSE,42,Medium,10,
NAG2025_0147,2025-05-20,23:34,Night,Besa,Besa,21.09066,79.09179,Stalking,6,High,2.29,4.97,FALSE,62,Medium,12,
NAG2025_0148,2025-07-30,14:01,Afternoon,Kalamna,Kalamna,21.14983,79.13971,Eve Teasing,10,High,0.96,3.31,FALSE,34,Low,3,
NAG2025_0149,2025-05-20,17:59,Evening,Beltarodi,Beltarodi,21.07328,79.07431,Eve Teasing,4,Medium,2.56,2.41,TRUE,87,High,2,
NAG2025_0150,2025-12-23,06:19,Morning,Trimurti Nagar,Trimurti Nagar,21.11462,79.03788,Sexual Harassment,5,Low,2.27,0.52,FALSE,76,High,28,
NAG2025_0151,2025-02-23,20:14,Evening,Nandanvan,Nandanvan,21.13425,79.13176,Domestic Violence,5,Low,3.0,4.31,FALSE,73,High,23,
NAG2025_0152,2025-08-13,02:24,Night,Hingna,Hingna,21.07383,79.02554,Stalking,9,Low,2.58,4.81,TRUE,88,High,7,
NAG2025_0153,2025-05-18,23:32,Night,Sitabuldi,Sitabuldi,21.1397,79.08358,Assault,9,Medium,3.41,1.79,FALSE,64,Medium,5,
NAG2025_0154,2025-09-06,05:04,Night,Lakadganj,Lakadganj,21.15811,79.11743,Sexual Harassment,7,Medium,2.57,1.42,FALSE,78,High,19,
NAG2025_0155,2025-09-09,02:20,Night,Ajni,Ajni,21.12288,79.08328,Sexual Harassment,6,Medium,0.26,1.99,FALSE,81,High,11,
NAG2025_0156,2025-01-31,03:31,Night,Sadar,Sadar,21.16708,79.07572,Sexual Harassment,9,Medium,2.57,1.83,TRUE,88,High,26,
NAG2025_0157,2025-04-13,16:57,Afternoon,Yashodhara Nagar,Yashodhara Nagar,21.17988,79.12588,Eve Teasing,7,Medium,0.4,1.16,TRUE,82,High,4,
NAG2025_0158,2025-06-10,14:02,Afternoon,Pardi,Pardi,21.14797,79.16147,Eve Teasing,9,Low,4.11,2.44,FALSE,55,Medium,8,
NAG2025_0159,2025-10-22,03:37,Night,Ganeshpeth,Ganeshpeth,21.13881,79.09681,Eve Teasing,3,High,1.23,3.73,FALSE,75,High,14,
NAG2025_0160,2025-04-19,11:17,Morning,Beltarodi,Beltarodi,21.07503,79.08136,Molestation,6,High,0.77,2.96,TRUE,74,High,2,
NAG2025_0161,2025-06-07,04:04,Night,Kalamna,Kalamna,21.15359,79.14399,Stalking,8,Low,1.28,0.99,FALSE,79,High,3,
NAG2025_0162,2025-03-30,17:14,Evening,Seminary Hills,Seminary Hills,21.17043,79.05901,Kidnapping,8,Low,4.4,4.01,FALSE,70,High,27,
NAG2025_0163,2025-03-04,00:53,Night,Kotwali,Kotwali,21.14463,79.10473,Eve Teasing,5,High,1.14,2.97,FALSE,74,High,18,
NAG2025_0164,2025-08-31,19:51,Evening,Pratap Nagar,Pratap Nagar,21.12074,79.05218,Molestation,5,High,4.56,0.55,FALSE,64,Medium,25,
NAG2025_0165,2025-01-13,11:09,Morning,Hingna,Hingna,21.06792,79.02693,Eve Teasing,5,Medium,2.1,4.47,TRUE,87,High,7,
NAG2025_0166,2025-05-01,02:34,Night,Ajni,Ajni,21.12882,79.07914,Assault,6,High,3.78,4.62,FALSE,66,Medium,11,
NAG2025_0167,2025-01-11,19:27,Evening,Hudkeshwar,Hudkeshwar,21.09289,79.12346,Kidnapping,6,Medium,4.87,3.23,TRUE,72,High,1,
NAG2025_0168,2025-08-19,19:21,Evening,Besa,Besa,21.08188,79.08498,Kidnapping,3,High,1.19,1.48,FALSE,82,High,12,
NAG2025_0169,2025-10-29,12:33,Afternoon,Hudkeshwar,Hudkeshwar,21.09332,79.12349,Stalking,9,Low,1.33,4.05,TRUE,84,High,1,
NAG2025_0170,2025-03-15,16:08,Afternoon,Mahal,Mahal,21.14631,79.11433,Eve Teasing,8,Medium,1.32,1.78,FALSE,46,Medium,6,
NAG2025_0171,2025-07-04,19:57,Evening,Yashodhara Nagar,Yashodhara Nagar,21.18182,79.12377,Molestation,10,Medium,3.73,4.3,FALSE,53,Medium,4,
NAG2025_0172,2025-10-12,13:44,Afternoon,Sadar,Sadar,21.1626,79.07604,Eve Teasing,8,Low,3.34,2.35,FALSE,62,Medium,26,
NAG2025_0173,2025-11-27,12:43,Afternoon,Telangkhedi,Telangkhedi,21.15647,79.04955,Domestic Violence,9,Low,3.8,3.38,FALSE,42,Medium,10,
NAG2025_0174,2025-12-20,04:20,Night,Yashodhara Nagar,Yashodhara Nagar,21.18491,79.12878,Stalking,4,Medium,3.69,2.46,TRUE,90,High,4,
NAG2025_0175,2025-05-23,08:52,Morning,Hudkeshwar,Hudkeshwar,21.08961,79.12357,Domestic Violence,6,Low,1.62,1.29,FALSE,77,High,1,
NAG2025_0176,2025-05-22,20:05,Evening,Yashodhara Nagar,Yashodhara Nagar,21.17803,79.12359,Stalking,3,Low,4.76,0.69,TRUE,100,High,4,
NAG2025_0177,2025-01-11,23:26,Night,Hingna,Hingna,21.07269,79.02527,Domestic Violence,6,Medium,4.6,0.62,FALSE,76,High,7,
NAG2025_0178,2025-01-15,16:47,Afternoon,Sadar,Sadar,21.16372,79.0704,Molestation,8,Medium,3.09,1.27,TRUE,60,Medium,26,
NAG2025_0179,2025-06-05,20:24,Evening,Hudkeshwar,Hudkeshwar,21.09559,79.12589,Eve Teasing,5,High,3.05,4.7,TRUE,74,High,1,
NAG2025_0180,2025-05-29,21:12,Night,Kotwali,Kotwali,21.1482,79.10419,Stalking,3,Low,1.71,3.59,FALSE,100,High,18,
NAG2025_0181,2025-02-21,20:17,Evening,Hudkeshwar,Hudkeshwar,21.09013,79.12748,Assault,6,High,2.56,3.39,TRUE,67,Medium,1,
NAG2025_0182,2025-06-06,18:00,Evening,Sitabuldi,Sitabuldi,21.14466,79.08444,Assault,5,Medium,2.88,0.64,FALSE,73,High,5,
NAG2025_0183,2025-11-24,17:42,Evening,Yashodhara Nagar,Yashodhara Nagar,21.17782,79.12605,Assault,5,Medium,1.99,1.07,FALSE,72,High,4,
NAG2025_0184,2025-11-27,00:52,Night,Hudkeshwar,Hudkeshwar,21.09079,79.12956,Molestation,2,Medium,2.22,2.5,TRUE,100,High,1,
NAG2025_0185,2025-02-27,15:20,Afternoon,Pratap Nagar,Pratap Nagar,21.11652,79.05276,Molestation,8,Medium,2.59,3.7,FALSE,36,Low,25,
NAG2025_0186,2025-08-25,04:38,Night,Beltarodi,Beltarodi,21.0708,79.0804,Domestic Violence,4,Medium,3.35,2.08,TRUE,100,High,2,
NAG2025_0187,2025-02-20,16:36,Afternoon,Wathoda,Wathoda,21.13881,79.13634,Eve Teasing,10,Medium,1.54,4.66,FALSE,43,Medium,30,
NAG2025_0188,2025-11-09,04:18,Night,Panchpaoli,Panchpaoli,21.15668,79.09281,Stalking,7,High,0.85,1.92,FALSE,56,Medium,24,
NAG2025_0189,2025-09-12,05:01,Night,Yashodhara Nagar,Yashodhara Nagar,21.17798,79.12849,Molestation,9,Low,4.0,3.11,FALSE,78,High,4,
NAG2025_0190,2025-03-18,01:00,Night,Sitabuldi,Sitabuldi,21.14397,79.09101,Assault,6,Low,2.93,0.42,FALSE,77,High,5,
NAG2025_0191,2025-01-25,01:30,Night,Imamwada,Imamwada,21.13182,79.08867,Stalking,9,High,2.36,2.16,TRUE,64,Medium,16,
NAG2025_0192,2025-03-28,17:25,Evening,Mahal,Mahal,21.14074,79.11478,Sexual Harassment,3,High,3.56,1.58,TRUE,88,High,6,
NAG2025_0193,2025-05-15,19:47,Evening,Ajni,Ajni,21.12195,79.08286,Domestic Violence,10,Medium,0.83,3.37,FALSE,63,Medium,11,
NAG2025_0194,2025-05-12,17:40,Evening,Trimurti Nagar,Trimurti Nagar,21.11602,79.03272,Eve Teasing,4,High,0.61,4.45,FALSE,78,High,28,
NAG2025_0195,2025-10-06,12:25,Afternoon,Yashodhara Nagar,Yashodhara Nagar,21.17971,79.12623,Kidnapping,4,Medium,3.97,2.05,FALSE,53,Medium,4,
NAG2025_0196,2025-05-01,12:03,Afternoon,Ganeshpeth,Ganeshpeth,21.13963,79.09271,Assault,6,High,1.57,2.66,FALSE,39,Low,14,
NAG2025_0197,2025-07-10,20:58,Evening,Mahal,Mahal,21.14003,79.11417,Domestic Violence,8,Medium,2.76,2.8,TRUE,66,Medium,6,
NAG2025_0198,2025-08-09,18:03,Evening,Telangkhedi,Telangkhedi,21.15375,79.05407,Eve Teasing,6,High,4.92,2.6,FALSE,43,Medium,10,
NAG2025_0199,2025-11-28,04:53,Night,MIHAN,MIHAN,21.05901,79.01881,Kidnapping,3,Low,1.48,4.31,FALSE,100,High,21,
NAG2025_0200,2025-08-16,00:12,Night,Hudkeshwar,Hudkeshwar,21.08692,79.12753,Molestation,7,High,0.28,4.93,FALSE,61,Medium,1,
NAG2025_0201,2025-06-16,12:41,Afternoon,Wathoda,Wathoda,21.13337,79.1353,Assault,6,High,3.24,4.19,FALSE,42,Medium,30,
NAG2025_0202,2025-07-06,08:26,Morning,Sitabuldi,Sitabuldi,21.14626,79.08704,Stalking,8,Medium,0.81,4.48,FALSE,49,Medium,5,
NAG2025_0203,2025-03-30,15:42,Afternoon,Kotwali,Kotwali,21.14249,79.10952,Eve Teasing,1,Low,3.99,1.82,FALSE,86,High,18,
NAG2025_0204,2025-10-24,00:13,Night,Sadar,Sadar,21.16441,79.07321,Molestation,3,Medium,0.72,4.83,FALSE,92,High,26,
NAG2025_0205,2025-04-28,00:07,Night,Jaripatka,Jaripatka,21.18704,79.08401,Assault,6,High,3.7,0.93,TRUE,86,High,17,
NAG2025_0206,2025-11-10,03:07,Night,Wathoda,Wathoda,21.13531,79.13866,Molestation,6,Low,3.07,1.83,FALSE,74,High,30,
NAG2025_0207,2025-11-21,18:35,Evening,Nandanvan,Nandanvan,21.1415,79.13043,Domestic Violence,6,Low,0.71,1.74,FALSE,78,High,23,
NAG2025_0208,2025-07-21,22:57,Night,Trimurti Nagar,Trimurti Nagar,21.11766,79.03254,Kidnapping,9,Low,1.88,2.85,FALSE,82,High,28,
NAG2025_0209,2025-10-02,06:39,Morning,Nandanvan,Nandanvan,21.14003,79.12752,Domestic Violence,4,High,3.04,4.83,FALSE,55,Medium,23,
NAG2025_0210,2025-01-13,06:31,Morning,Kotwali,Kotwali,21.14982,79.10364,Sexual Harassment,2,High,2.5,1.46,FALSE,67,Medium,18,
NAG2025_0211,2025-09-26,16:04,Afternoon,Hudkeshwar,Hudkeshwar,21.09445,79.13048,Stalking,1,Medium,4.43,1.82,FALSE,66,Medium,1,
NAG2025_0212,2025-07-24,11:18,Morning,Beltarodi,Beltarodi,21.07606,79.07611,Eve Teasing,9,Low,0.21,1.17,TRUE,85,High,2,
NAG2025_0213,2025-04-29,19:14,Evening,Sitabuldi,Sitabuldi,21.14163,79.0851,Domestic Violence,7,Medium,0.9,3.46,FALSE,59,Medium,5,
NAG2025_0214,2025-12-20,15:00,Afternoon,Seminary Hills,Seminary Hills,21.16121,79.0586,Molestation,1,High,3.3,1.85,FALSE,66,Medium,27,
NAG2025_0215,2025-03-09,15:10,Afternoon,Seminary Hills,Seminary Hills,21.16199,79.051,Eve Teasing,5,High,4.18,4.09,FALSE,53,Medium,27,
NAG2025_0216,2025-04-11,07:05,Morning,Hudkeshwar,Hudkeshwar,21.08951,79.12768,Molestation,10,High,0.22,3.29,TRUE,54,Medium,1,
NAG2025_0217,2025-01-19,13:25,Afternoon,Yashodhara Nagar,Yashodhara Nagar,21.18315,79.12185,Domestic Violence,7,High,3.89,0.76,TRUE,52,Medium,4,
NAG2025_0218,2025-10-26,04:36,Night,Dharampeth,Dharampeth,21.14255,79.06441,Assault,6,Medium,2.4,1.52,FALSE,82,High,13,
NAG2025_0219,2025-09-06,14:52,Afternoon,Beltarodi,Beltarodi,21.07061,79.0804,Assault,6,High,4.93,0.42,TRUE,67,Medium,2,
NAG2025_0220,2025-11-13,19:09,Evening,Sadar,Sadar,21.15833,79.07061,Molestation,8,High,0.4,2.45,FALSE,57,Medium,26,
NAG2025_0221,2025-07-26,19:36,Evening,Yashodhara Nagar,Yashodhara Nagar,21.17701,79.12192,Stalking,5,High,3.75,0.37,FALSE,65,Medium,4,
NAG2025_0222,2025-06-24,21:33,Night,Hudkeshwar,Hudkeshwar,21.08912,79.12366,Kidnapping,7,Medium,3.19,0.49,FALSE,74,High,1,
NAG2025_0223,2025-12-03,14:46,Afternoon,Sitabuldi,Sitabuldi,21.14166,79.08642,Eve Teasing,8,Low,1.2,1.99,FALSE,71,High,5,
NAG2025_0224,2025-06-18,13:26,Afternoon,Pratap Nagar,Pratap Nagar,21.11562,79.05495,Molestation,2,High,0.46,1.35,FALSE,73,High,25,
NAG2025_0225,2025-08-06,18:30,Evening,Kotwali,Kotwali,21.14439,79.10493,Domestic Violence,9,Medium,2.81,4.39,FALSE,42,Medium,18,
NAG2025_0226,2025-08-01,19:37,Evening,Telangkhedi,Telangkhedi,21.16123,79.04796,Eve Teasing,1,High,0.96,2.56,FALSE,93,High,10,
NAG2025_0227,2025-01-24,20:04,Evening,Jaripatka,Jaripatka,21.18564,79.08175,Eve Teasing,5,Low,3.19,2.82,FALSE,78,High,17,
NAG2025_0228,2025-09-29,23:49,Night,Mahal,Mahal,21.13992,79.11486,Kidnapping,6,High,3.1,3.0,FALSE,62,Medium,6,
NAG2025_0229,2025-06-24,12:39,Afternoon,Gittikhadan,Gittikhadan,21.16867,79.0544,Sexual Harassment,2,Medium,2.33,4.89,TRUE,86,High,15,
NAG2025_0230,2025-05-19,13:05,Afternoon,Mahalaxmi Nagar,Mahalaxmi Nagar,21.09832,79.12406,Eve Teasing,5,High,0.67,1.55,FALSE,61,Medium,9,
NAG2025_0231,2025-10-20,02:45,Night,Ganeshpeth,Ganeshpeth,21.14212,79.09873,Stalking,7,Medium,1.43,3.28,FALSE,84,High,14,
NAG2025_0232,2025-11-23,03:17,Night,Mahal,Mahal,21.14714,79.11266,Molestation,3,Low,3.24,2.87,TRUE,100,High,6,
NAG2025_0233,2025-06-11,16:45,Afternoon,Kalamna,Kalamna,21.15478,79.14007,Molestation,1,High,4.57,3.88,TRUE,78,High,3,
NAG2025_0234,2025-08-22,20:47,Evening,Seminary Hills,Seminary Hills,21.16664,79.05252,Kidnapping,9,High,0.44,1.69,FALSE,53,Medium,27,
NAG2025_0235,2025-12-13,05:07,Night,Mahal,Mahal,21.14251,79.11226,Eve Teasing,9,Medium,0.6,0.35,FALSE,65,Medium,6,
NAG2025_0236,2025-05-19,13:57,Afternoon,Jaripatka,Jaripatka,21.17793,79.09079,Eve Teasing,10,Low,2.45,3.88,FALSE,56,Medium,17,
NAG2025_0237,2025-06-08,10:00,Morning,Jaripatka,Jaripatka,21.17734,79.08666,Assault,1,Medium,3.83,1.62,FALSE,86,High,17,
NAG2025_0238,2025-09-18,20:29,Evening,Hingna,Hingna,21.07109,79.0294,Assault,4,Low,4.42,1.93,FALSE,86,High,7,
NAG2025_0239,2025-04-06,12:40,Afternoon,Beltarodi,Beltarodi,21.07343,79.08156,Eve Teasing,2,High,2.45,3.83,TRUE,78,High,2,
NAG2025_0240,2025-10-01,19:26,Evening,Mahal,Mahal,21.14401,79.1152,Molestation,8,High,3.22,0.56,TRUE,58,Medium,6,
NAG2025_0241,2025-07-12,19:32,Evening,Lakadganj,Lakadganj,21.15259,79.12246,Domestic Violence,5,Low,4.06,2.48,FALSE,82,High,19,
NAG2025_0242,2025-08-08,02:38,Night,Hingna,Hingna,21.07177,79.03021,Sexual Harassment,10,High,0.33,0.41,FALSE,56,Medium,7,
NAG2025_0243,2025-07-30,08:17,Morning,Jaripatka,Jaripatka,21.18306,79.08686,Eve Teasing,6,Medium,2.86,2.14,FALSE,56,Medium,17,
NAG2025_0244,2025-02-24,14:33,Afternoon,Gittikhadan,Gittikhadan,21.17382,79.04645,Molestation,4,Low,2.71,1.77,FALSE,80,High,15,
NAG2025_0245,2025-05-19,20:01,Evening,Jaripatka,Jaripatka,21.1861,79.0837,Domestic Violence,1,High,4.7,0.76,FALSE,69,High,17,
NAG2025_0246,2025-08-27,12:23,Afternoon,Wathoda,Wathoda,21.13799,79.13893,Assault,5,Low,2.71,4.77,FALSE,60,Medium,30,
NAG2025_0247,2025-01-19,12:39,Afternoon,Kalamna,Kalamna,21.15831,79.13682,Sexual Harassment,4,High,4.25,2.6,TRUE,63,Medium,3,
NAG2025_0248,2025-09-23,16:52,Afternoon,Kalamna,Kalamna,21.15799,79.1441,Kidnapping,10,Medium,4.89,3.21,FALSE,25,Low,3,
NAG2025_0249,2025-05-21,14:20,Afternoon,Nandanvan,Nandanvan,21.13766,79.12395,Domestic Violence,1,Medium,4.89,3.14,FALSE,83,High,23,
NAG2025_0250,2025-03-01,10:07,Morning,Telangkhedi,Telangkhedi,21.1595,79.04607,Kidnapping,4,High,2.6,0.39,FALSE,45,Medium,10,
NAG2025_0251,2025-08-04,17:36,Evening,Dharampeth,Dharampeth,21.13956,79.0677,Kidnapping,7,Medium,0.77,3.04,FALSE,66,Medium,13,
NAG2025_0252,2025-06-15,14:01,Afternoon,Jaripatka,Jaripatka,21.18549,79.08355,Eve Teasing,5,Low,2.37,3.58,FALSE,64,Medium,17,
NAG2025_0253,2025-09-04,04:43,Night,Wathoda,Wathoda,21.13581,79.13361,Eve Teasing,10,Low,1.04,0.43,TRUE,93,High,30,
NAG2025_0254,2025-04-05,13:44,Afternoon,Lakadganj,Lakadganj,21.15896,79.11553,Domestic Violence,10,Low,3.66,3.2,FALSE,44,Medium,19,
NAG2025_0255,2025-06-15,02:51,Night,Manewada,Manewada,21.09228,79.10829,Kidnapping,5,Medium,3.63,0.32,FALSE,78,High,22,
NAG2025_0256,2025-04-06,23:12,Night,Gittikhadan,Gittikhadan,21.17354,79.04713,Eve Teasing,5,Medium,2.22,4.96,FALSE,74,High,15,
NAG2025_0257,2025-06-04,06:44,Morning,Yashodhara Nagar,Yashodhara Nagar,21.17833,79.12319,Stalking,2,Low,1.51,0.97,TRUE,100,High,4,
NAG2025_0258,2025-03-15,05:59,Night,Sitabuldi,Sitabuldi,21.14195,79.08404,Sexual Harassment,4,Medium,3.75,2.67,FALSE,74,High,5,
NAG2025_0259,2025-03-16,07:32,Morning,Mahalaxmi Nagar,Mahalaxmi Nagar,21.10275,79.12041,Eve Teasing,3,Low,2.63,3.02,TRUE,100,High,9,
NAG2025_0260,2025-04-08,16:02,Afternoon,Kalamna,Kalamna,21.15209,79.14062,Sexual Harassment,6,Medium,3.87,1.84,FALSE,51,Medium,3,
NAG2025_0261,2025-10-26,18:38,Evening,Hudkeshwar,Hudkeshwar,21.09123,79.12557,Molestation,1,Medium,1.69,4.7,TRUE,100,High,1,
NAG2025_0262,2025-05-07,14:40,Afternoon,MIHAN,MIHAN,21.05474,79.01665,Eve Teasing,7,Low,0.44,2.74,FALSE,70,High,21,
NAG2025_0263,2025-05-26,22:39,Night,Ajni,Ajni,21.12648,79.08287,Eve Teasing,7,Low,2.18,1.53,FALSE,73,High,11,
NAG2025_0264,2025-06-15,09:57,Morning,Telangkhedi,Telangkhedi,21.15679,79.0454,Domestic Violence,10,Low,4.69,4.03,TRUE,72,High,10,
NAG2025_0265,2025-05-13,08:22,Morning,Hudkeshwar,Hudkeshwar,21.08663,79.12419,Eve Teasing,10,High,3.82,3.69,FALSE,28,Low,1,
NAG2025_0266,2025-11-10,16:25,Afternoon,Beltarodi,Beltarodi,21.0709,79.07514,Assault,5,Low,3.05,2.65,TRUE,85,High,2,
NAG2025_0267,2025-01-01,03:09,Night,Jaripatka,Jaripatka,21.17943,79.08105,Eve Teasing,2,Low,3.78,0.72,TRUE,100,High,17,
NAG2025_0268,2025-05-02,04:33,Night,Beltarodi,Beltarodi,21.07366,79.0728,Stalking,3,High,2.04,3.69,FALSE,88,High,2,
NAG2025_0269,2025-10-05,19:54,Evening,Wathoda,Wathoda,21.1401,79.13708,Domestic Violence,1,Medium,2.12,4.52,TRUE,100,High,30,
NAG2025_0270,2025-12-07,01:07,Night,Kalamna,Kalamna,21.15452,79.14065,Sexual Harassment,7,Medium,2.58,2.64,FALSE,68,High,3,
NAG2025_0271,2025-10-14,14:32,Afternoon,MIHAN,MIHAN,21.05841,79.01949,Molestation,2,Low,3.78,2.94,FALSE,86,High,21,
NAG2025_0272,2025-08-05,01:18,Night,Ganeshpeth,Ganeshpeth,21.14176,79.09738,Domestic Violence,5,Low,4.91,1.17,FALSE,82,High,14,
NAG2025_0273,2025-09-11,22:53,Night,Yashodhara Nagar,Yashodhara Nagar,21.17712,79.12121,Sexual Harassment,4,High,1.9,2.54,FALSE,68,High,4,
NAG2025_0274,2025-01-01,18:31,Evening,Gittikhadan,Gittikhadan,21.1681,79.04627,Assault,4,High,3.56,1.68,FALSE,66,Medium,15,
NAG2025_0275,2025-04-12,14:22,Afternoon,Dharampeth,Dharampeth,21.14256,79.06338,Domestic Violence,7,High,4.13,1.16,FALSE,30,Low,13,
NAG2025_0276,2025-06-03,08:50,Morning,Sitabuldi,Sitabuldi,21.14321,79.09133,Eve Teasing,8,High,3.7,4.34,TRUE,54,Medium,5,
NAG2025_0277,2025-03-07,07:57,Morning,Dharampeth,Dharampeth,21.13864,79.06601,Eve Teasing,10,High,4.32,4.85,FALSE,34,Low,13,
NAG2025_0278,2025-06-13,07:09,Morning,Sadar,Sadar,21.16663,79.06933,Domestic Violence,10,High,4.34,3.46,FALSE,29,Low,26,
NAG2025_0279,2025-06-19,14:09,Afternoon,Manewada,Manewada,21.09819,79.10622,Eve Teasing,9,Low,1.41,1.33,FALSE,49,Medium,22,
NAG2025_0280,2025-03-26,05:16,Night,Ganeshpeth,Ganeshpeth,21.13834,79.09793,Stalking,5,Medium,1.8,2.69,FALSE,85,High,14,
NAG2025_0281,2025-09-09,18:43,Evening,Ganeshpeth,Ganeshpeth,21.13593,79.09713,Eve Teasing,8,Low,2.43,3.19,FALSE,63,Medium,14,
NAG2025_0282,2025-07-09,14:22,Afternoon,Mahal,Mahal,21.14637,79.11628,Molestation,7,Low,3.86,4.72,FALSE,65,Medium,6,
NAG2025_0283,2025-11-10,21:08,Night,Seminary Hills,Seminary Hills,21.16543,79.05324,Sexual Harassment,4,High,4.98,2.86,FALSE,66,Medium,27,
NAG2025_0284,2025-12-18,09:17,Morning,Trimurti Nagar,Trimurti Nagar,21.11228,79.03396,Domestic Violence,7,Medium,4.68,4.6,FALSE,58,Medium,28,
NAG2025_0285,2025-05-07,00:55,Night,Kalamna,Kalamna,21.15855,79.14162,Kidnapping,9,Low,2.23,4.23,FALSE,63,Medium,3,
NAG2025_0286,2025-02-11,20:35,Evening,Kalamna,Kalamna,21.15565,79.14598,Eve Teasing,6,Low,2.72,0.46,TRUE,86,High,3,
NAG2025_0287,2025-10-30,20:15,Evening,Hudkeshwar,Hudkeshwar,21.09336,79.12668,Domestic Violence,3,High,2.43,4.84,FALSE,77,High,1,
NAG2025_0288,2025-07-29,01:43,Night,Hudkeshwar,Hudkeshwar,21.08687,79.12651,Kidnapping,9,High,4.55,3.37,FALSE,43,Medium,1,
NAG2025_0289,2025-12-27,06:26,Morning,Lakadganj,Lakadganj,21.14988,79.11808,Eve Teasing,9,Medium,3.65,1.31,FALSE,41,Low,19,
NAG2025_0290,2025-02-09,00:18,Night,Sitabuldi,Sitabuldi,21.14353,79.08224,Sexual Harassment,8,Low,4.4,1.24,FALSE,66,Medium,5,
NAG2025_0291,2025-10-14,00:03,Night,Jaripatka,Jaripatka,21.18692,79.08239,Sexual Harassment,6,Medium,4.1,4.02,FALSE,79,High,17,
NAG2025_0292,2025-06-11,18:34,Evening,Mahal,Mahal,21.14181,79.11213,Kidnapping,3,Low,0.61,0.92,FALSE,99,High,6,
NAG2025_0293,2025-03-09,13:18,Afternoon,Manewada,Manewada,21.09874,79.10628,Eve Teasing,5,Low,3.92,2.26,FALSE,66,Medium,22,
NAG2025_0294,2025-05-15,15:54,Afternoon,Lakadganj,Lakadganj,21.15288,79.11566,Molestation,1,Medium,0.87,0.36,FALSE,95,High,19,
NAG2025_0295,2025-02-16,01:06,Night,Pratap Nagar,Pratap Nagar,21.11783,79.06007,Stalking,4,Medium,4.71,0.54,FALSE,89,High,25,
NAG2025_0296,2025-06-21,09:26,Morning,Sitabuldi,Sitabuldi,21.13812,79.0871,Eve Teasing,10,High,0.38,0.65,TRUE,54,Medium,5,
NAG2025_0297,2025-08-02,01:07,Night,Mahal,Mahal,21.13966,79.11606,Stalking,9,High,3.79,0.47,FALSE,41,Low,6,
NAG2025_0298,2025-06-14,23:34,Night,Pratap Nagar,Pratap Nagar,21.12121,79.05417,Sexual Harassment,8,High,3.21,2.99,FALSE,47,Medium,25,
NAG2025_0299,2025-05-07,02:19,Night,MIHAN,MIHAN,21.05899,79.01508,Eve Teasing,3,Low,3.31,1.98,FALSE,93,High,21,
NAG2025_0300,2025-12-27,15:28,Afternoon,Yashodhara Nagar,Yashodhara Nagar,21.18417,79.12448,Kidnapping,6,Low,0.55,3.21,FALSE,71,High,4,
NAG2025_0301,2025-03-19,00:09,Night,Seminary Hills,Seminary Hills,21.16573,79.05531,Stalking,7,Medium,1.88,3.38,FALSE,67,Medium,27,
NAG2025_0302,2025-12-06,15:15,Afternoon,Hudkeshwar,Hudkeshwar,21.08882,79.12984,Eve Teasing,4,High,4.3,1.88,TRUE,64,Medium,1,
NAG2025_0303,2025-03-09,23:48,Night,Beltarodi,Beltarodi,21.07833,79.07554,Kidnapping,3,Medium,2.59,3.41,TRUE,100,High,2,
NAG2025_0304,2025-12-15,18:10,Evening,Mahal,Mahal,21.14687,79.11084,Molestation,6,Medium,2.41,0.61,FALSE,68,High,6,
NAG2025_0305,2025-10-27,23:54,Night,Telangkhedi,Telangkhedi,21.15353,79.05344,Kidnapping,10,Low,3.77,1.16,FALSE,56,Medium,10,
NAG2025_0306,2025-02-12,17:03,Evening,Mahalaxmi Nagar,Mahalaxmi Nagar,21.1002,79.11824,Stalking,9,Medium,2.99,2.0,FALSE,50,Medium,9,
NAG2025_0307,2025-10-29,04:38,Night,Dharampeth,Dharampeth,21.13584,79.05895,Assault,4,Low,1.83,0.66,FALSE,88,High,13,
NAG2025_0308,2025-01-25,03:07,Night,Besa,Besa,21.08261,79.08964,Molestation,1,High,2.26,4.59,FALSE,93,High,12,
NAG2025_0309,2025-03-09,07:01,Morning,Sitabuldi,Sitabuldi,21.13878,79.08397,Domestic Violence,4,Low,3.93,0.43,FALSE,82,High,5,
NAG2025_0310,2025-09-21,04:11,Night,Panchpaoli,Panchpaoli,21.1475,79.09061,Domestic Violence,3,High,4.07,4.26,FALSE,75,High,24,
NAG2025_0311,2025-01-07,07:17,Morning,Kalamna,Kalamna,21.15037,79.13698,Domestic Violence,5,High,1.91,2.15,FALSE,53,Medium,3,
NAG2025_0312,2025-08-23,12:22,Afternoon,Mahal,Mahal,21.14556,79.10774,Molestation,7,High,1.41,2.76,FALSE,38,Low,6,
NAG2025_0313,2025-11-26,08:26,Morning,Kotwali,Kotwali,21.14621,79.11219,Stalking,10,High,4.57,0.66,FALSE,16,Low,18,
NAG2025_0314,2025-07-31,08:12,Morning,Mahalaxmi Nagar,Mahalaxmi Nagar,21.09808,79.11712,Domestic Violence,7,Medium,1.78,2.48,FALSE,54,Medium,9,
NAG2025_0315,2025-12-25,09:26,Morning,Kalamna,Kalamna,21.15085,79.13938,Eve Teasing,1,Low,4.38,3.08,FALSE,81,High,3,
NAG2025_0316,2025-09-24,20:45,Evening,Nandanvan,Nandanvan,21.1376,79.12719,Domestic Violence,6,Low,1.44,1.01,FALSE,72,High,23,
NAG2025_0317,2025-12-13,12:12,Afternoon,Nandanvan,Nandanvan,21.14376,79.124,Domestic Violence,6,Low,3.42,1.67,FALSE,61,Medium,23,
NAG2025_0318,2025-12-05,06:44,Morning,Yashodhara Nagar,Yashodhara Nagar,21.18441,79.12201,Sexual Harassment,3,Medium,4.42,4.32,FALSE,65,Medium,4,
NAG2025_0319,2025-03-05,19:08,Evening,Lakadganj,Lakadganj,21.15861,79.11405,Eve Teasing,2,High,0.91,2.12,FALSE,83,High,19,
NAG2025_0320,2025-10-27,21:25,Night,Lashkaribagh,Lashkaribagh,21.16848,79.10187,Molestation,9,Low,0.48,1.31,FALSE,72,High,20,
NAG2025_0321,2025-01-19,02:36,Night,Beltarodi,Beltarodi,21.07441,79.07689,Molestation,7,Low,3.35,1.5,TRUE,100,High,2,
NAG2025_0322,2025-07-06,06:50,Morning,Mahalaxmi Nagar,Mahalaxmi Nagar,21.10315,79.12409,Stalking,6,Medium,0.91,3.63,TRUE,89,High,9,
NAG2025_0323,2025-03-06,19:08,Evening,Yashodhara Nagar,Yashodhara Nagar,21.18012,79.12303,Sexual Harassment,10,High,4.48,2.47,FALSE,32,Low,4,
NAG2025_0324,2025-06-22,07:16,Morning,Beltarodi,Beltarodi,21.07532,79.07375,Domestic Violence,5,Medium,3.48,0.79,TRUE,76,High,2,
NAG2025_0325,2025-04-06,02:19,Night,Pardi,Pardi,21.14791,79.15537,Stalking,2,Low,2.74,3.59,FALSE,95,High,8,
NAG2025_0326,2025-11-28,21:30,Night,Yashodhara Nagar,Yashodhara Nagar,21.17815,79.12132,Stalking,5,High,1.46,0.41,TRUE,92,High,4,
NAG2025_0327,2025-01-12,19:03,Evening,Lashkaribagh,Lashkaribagh,21.16608,79.09472,Eve Teasing,10,Low,4.28,3.0,FALSE,50,Medium,20,
NAG2025_0328,2025-08-09,03:29,Night,Sadar,Sadar,21.1679,79.07454,Stalking,4,Low,2.28,4.88,TRUE,100,High,26,
NAG2025_0329,2025-07-03,17:03,Evening,Imamwada,Imamwada,21.1353,79.09214,Domestic Violence,10,Low,1.75,1.83,TRUE,79,High,16,
NAG2025_0330,2025-11-28,02:13,Night,Kotwali,Kotwali,21.1486,79.10603,Stalking,8,Low,4.46,4.72,FALSE,72,High,18,
NAG2025_0331,2025-09-12,12:58,Afternoon,Wathoda,Wathoda,21.14268,79.13332,Stalking,2,High,4.96,2.27,FALSE,54,Medium,30,
NAG2025_0332,2025-10-02,03:01,Night,Kalamna,Kalamna,21.15387,79.14568,Sexual Harassment,1,Low,3.28,4.5,FALSE,99,High,3,
NAG2025_0333,2025-05-10,22:48,Night,Sitabuldi,Sitabuldi,21.14563,79.08349,Kidnapping,8,High,2.68,4.9,FALSE,55,Medium,5,
NAG2025_0334,2025-11-11,16:23,Afternoon,Beltarodi,Beltarodi,21.0737,79.07876,Domestic Violence,4,High,3.43,1.84,FALSE,44,Medium,2,
NAG2025_0335,2025-11-20,21:46,Night,Ganeshpeth,Ganeshpeth,21.14386,79.09763,Stalking,9,High,3.0,3.47,FALSE,52,Medium,14,
NAG2025_0336,2025-03-11,07:23,Morning,Beltarodi,Beltarodi,21.0755,79.07937,Eve Teasing,8,Medium,1.44,3.83,TRUE,71,High,2,
NAG2025_0337,2025-02-26,19:19,Evening,Ganeshpeth,Ganeshpeth,21.14188,79.09915,Molestation,5,High,1.9,4.94,FALSE,63,Medium,14,
NAG2025_0338,2025-09-20,07:57,Morning,Kalamna,Kalamna,21.15202,79.13654,Stalking,4,Low,3.66,2.11,FALSE,83,High,3,
NAG2025_0339,2025-07-03,07:13,Morning,Mahalaxmi Nagar,Mahalaxmi Nagar,21.09983,79.11779,Sexual Harassment,3,Low,0.39,4.48,FALSE,89,High,9,
NAG2025_0340,2025-09-19,08:41,Morning,Hingna,Hingna,21.0688,79.0268,Molestation,7,Medium,1.72,2.87,FALSE,56,Medium,7,
NAG2025_0341,2025-01-16,04:17,Night,Mahal,Mahal,21.14275,79.1089,Stalking,8,Low,0.4,0.62,TRUE,100,High,6,
NAG2025_0342,2025-03-10,11:51,Morning,Pratap Nagar,Pratap Nagar,21.11966,79.05227,Stalking,4,Medium,3.2,0.8,FALSE,61,Medium,25,
NAG2025_0343,2025-04-06,02:13,Night,Sitabuldi,Sitabuldi,21.14592,79.09127,Domestic Violence,4,Medium,2.44,1.56,TRUE,99,High,5,
NAG2025_0344,2025-08-27,18:38,Evening,Telangkhedi,Telangkhedi,21.15761,79.04494,Sexual Harassment,3,Low,4.42,1.62,FALSE,94,High,10,
NAG2025_0345,2025-05-26,07:07,Morning,Lashkaribagh,Lashkaribagh,21.16092,79.09495,Domestic Violence,10,Medium,3.77,1.57,FALSE,35,Low,20,
NAG2025_0346,2025-02-05,02:37,Night,Ganeshpeth,Ganeshpeth,21.13715,79.09901,Sexual Harassment,4,High,3.17,4.78,FALSE,61,Medium,14,
NAG2025_0347,2025-12-08,17:43,Evening,Kalamna,Kalamna,21.15499,79.1462,Molestation,1,Medium,1.83,2.08,FALSE,87,High,3,
NAG2025_0348,2025-04-05,21:57,Night,Telangkhedi,Telangkhedi,21.16324,79.05399,Stalking,2,Low,2.58,3.3,FALSE,100,High,10,
NAG2025_0349,2025-05-27,14:35,Afternoon,Wardha Road,Wardha Road,21.10681,79.07077,Molestation,7,Medium,0.44,1.09,FALSE,57,Medium,29,
NAG2025_0350,2025-04-29,08:31,Morning,Panchpaoli,Panchpaoli,21.15243,79.09382,Stalking,3,Low,4.31,4.53,FALSE,75,High,24,
NAG2025_0351,2025-02-10,05:27,Night,Beltarodi,Beltarodi,21.07059,79.08118,Stalking,3,Low,4.41,3.22,TRUE,100,High,2,
NAG2025_0352,2025-10-03,22:12,Night,Beltarodi,Beltarodi,21.07586,79.07863,Sexual Harassment,7,Medium,4.83,3.83,TRUE,82,High,2,
NAG2025_0353,2025-11-20,06:26,Morning,Pratap Nagar,Pratap Nagar,21.11569,79.06089,Eve Teasing,6,Medium,2.83,1.79,TRUE,77,High,25,
NAG2025_0354,2025-01-22,14:17,Afternoon,Mahal,Mahal,21.13969,79.11288,Eve Teasing,6,Medium,2.44,2.22,FALSE,49,Medium,6,
NAG2025_0355,2025-01-18,12:41,Afternoon,Mahal,Mahal,21.14353,79.1159,Stalking,6,High,1.76,1.43,FALSE,42,Medium,6,
NAG2025_0356,2025-11-03,13:05,Afternoon,Kalamna,Kalamna,21.153,79.14103,Kidnapping,1,Medium,1.06,0.74,FALSE,79,High,3,
NAG2025_0357,2025-09-02,02:30,Night,Kalamna,Kalamna,21.15215,79.1408,Stalking,7,High,0.39,2.5,FALSE,75,High,3,
NAG2025_0358,2025-06-26,15:00,Afternoon,Ganeshpeth,Ganeshpeth,21.14273,79.09212,Molestation,3,Medium,0.49,1.61,FALSE,70,High,14,
NAG2025_0359,2025-08-28,01:02,Night,Sitabuldi,Sitabuldi,21.14461,79.08289,Molestation,5,Low,0.94,2.91,FALSE,97,High,5,
NAG2025_0360,2025-02-05,02:53,Night,Nandanvan,Nandanvan,21.14324,79.12407,Assault,3,High,0.96,0.71,FALSE,91,High,23,
NAG2025_0361,2025-07-02,05:01,Night,Jaripatka,Jaripatka,21.18694,79.09091,Domestic Violence,8,Low,4.55,1.92,TRUE,83,High,17,
NAG2025_0362,2025-03-09,12:30,Afternoon,Ajni,Ajni,21.1287,79.08465,Assault,6,High,0.73,3.85,FALSE,59,Medium,11,
NAG2025_0363,2025-10-17,12:13,Afternoon,Nandanvan,Nandanvan,21.14123,79.12501,Sexual Harassment,5,Low,4.92,3.26,FALSE,64,Medium,23,
NAG2025_0364,2025-12-27,12:49,Afternoon,Wathoda,Wathoda,21.13681,79.13275,Eve Teasing,8,Low,3.51,1.59,FALSE,61,Medium,30,
NAG2025_0365,2025-10-03,12:02,Afternoon,Sitabuldi,Sitabuldi,21.14144,79.09059,Molestation,2,Medium,4.11,0.65,FALSE,63,Medium,5,
NAG2025_0366,2025-05-01,17:46,Evening,Beltarodi,Beltarodi,21.07423,79.07527,Sexual Harassment,10,Medium,4.59,1.91,TRUE,69,High,2,
NAG2025_0367,2025-07-17,07:18,Morning,Imamwada,Imamwada,21.13247,79.09052,Sexual Harassment,2,Medium,4.71,3.1,FALSE,81,High,16,
NAG2025_0368,2025-04-03,17:28,Evening,Hingna,Hingna,21.071,79.03004,Eve Teasing,10,Medium,2.58,4.9,TRUE,63,Medium,7,
NAG2025_0369,2025-05-19,15:00,Afternoon,Kotwali,Kotwali,21.14724,79.11042,Domestic Violence,5,Medium,3.8,1.68,FALSE,57,Medium,18,
NAG2025_0370,2025-12-13,23:45,Night,Hudkeshwar,Hudkeshwar,21.09126,79.12538,Eve Teasing,7,High,1.24,3.19,FALSE,55,Medium,1,
NAG2025_0371,2025-02-27,02:38,Night,Manewada,Manewada,21.09503,79.10335,Stalking,5,Medium,3.82,3.92,FALSE,67,Medium,22,
NAG2025_0372,2025-04-19,01:12,Night,Lashkaribagh,Lashkaribagh,21.17017,79.10019,Sexual Harassment,10,Medium,1.44,1.34,FALSE,68,High,20,
NAG2025_0373,2025-03-17,00:25,Night,Sadar,Sadar,21.161,79.07603,Kidnapping,8,Low,3.93,0.44,FALSE,78,High,26,
NAG2025_0374,2025-08-06,01:47,Night,Manewada,Manewada,21.09747,79.1123,Stalking,3,Low,0.7,2.69,FALSE,100,High,22,
NAG2025_0375,2025-10-02,18:05,Evening,Kotwali,Kotwali,21.14063,79.10409,Domestic Violence,6,High,0.99,4.28,FALSE,61,Medium,18,
NAG2025_0376,2025-01-04,19:17,Evening,Wathoda,Wathoda,21.13648,79.13269,Molestation,5,Medium,4.74,0.28,TRUE,82,High,30,
NAG2025_0377,2025-09-27,06:50,Morning,Nandanvan,Nandanvan,21.14045,79.12825,Kidnapping,7,Low,3.93,0.86,FALSE,56,Medium,23,
NAG2025_0378,2025-04-05,12:01,Afternoon,Beltarodi,Beltarodi,21.07287,79.08183,Sexual Harassment,6,Medium,3.01,3.33,FALSE,58,Medium,2,
NAG2025_0379,2025-08-16,22:31,Night,Sitabuldi,Sitabuldi,21.14613,79.08722,Domestic Violence,3,High,0.5,4.82,TRUE,100,High,5,
NAG2025_0380,2025-01-22,18:51,Evening,Kotwali,Kotwali,21.14816,79.11145,Eve Teasing,5,Low,3.24,1.24,FALSE,68,High,18,
NAG2025_0381,2025-12-04,00:47,Night,Beltarodi,Beltarodi,21.07734,79.07909,Stalking,10,Medium,4.76,4.08,TRUE,68,High,2,
NAG2025_0382,2025-07-09,20:46,Evening,Imamwada,Imamwada,21.13255,79.08631,Domestic Violence,1,Low,2.05,0.81,FALSE,98,High,16,
NAG2025_0383,2025-04-09,19:19,Evening,Hudkeshwar,Hudkeshwar,21.0944,79.12206,Eve Teasing,8,Medium,0.55,4.2,TRUE,92,High,1,
NAG2025_0384,2025-07-18,18:32,Evening,Mahal,Mahal,21.14383,79.10838,Stalking,4,Medium,2.79,3.36,TRUE,87,High,6,
NAG2025_0385,2025-05-08,08:03,Morning,Nandanvan,Nandanvan,21.13599,79.13087,Kidnapping,3,Medium,2.81,4.48,FALSE,67,Medium,23,
NAG2025_0386,2025-04-20,17:28,Evening,Seminary Hills,Seminary Hills,21.16928,79.05587,Eve Teasing,5,High,0.96,1.04,FALSE,68,High,27,
NAG2025_0387,2025-02-24,21:15,Night,Dharampeth,Dharampeth,21.14299,79.06283,Eve Teasing,1,Medium,0.89,3.09,FALSE,100,High,13,
NAG2025_0388,2025-06-08,09:03,Morning,Pardi,Pardi,21.14586,79.16043,Kidnapping,1,High,2.72,3.11,FALSE,74,High,8,
NAG2025_0389,2025-01-29,04:16,Night,Yashodhara Nagar,Yashodhara Nagar,21.17721,79.13036,Domestic Violence,3,High,2.71,1.64,TRUE,92,High,4,
NAG2025_0390,2025-09-25,00:47,Night,Beltarodi,Beltarodi,21.07677,79.07547,Eve Teasing,3,Medium,0.8,1.25,TRUE,100,High,2,
NAG2025_0391,2025-10-24,13:02,Afternoon,Sadar,Sadar,21.15822,79.07513,Domestic Violence,7,High,1.29,2.82,FALSE,53,Medium,26,
NAG2025_0392,2025-12-15,00:26,Night,Yashodhara Nagar,Yashodhara Nagar,21.17923,79.12755,Kidnapping,1,Low,3.65,2.45,TRUE,100,High,4,
NAG2025_0393,2025-08-08,17:59,Evening,Yashodhara Nagar,Yashodhara Nagar,21.18207,79.12548,Domestic Violence,9,High,4.39,3.05,FALSE,34,Low,4,
NAG2025_0394,2025-06-11,21:17,Night,Yashodhara Nagar,Yashodhara Nagar,21.17733,79.1293,Sexual Harassment,8,Medium,2.11,2.55,FALSE,62,Medium,4,
NAG2025_0395,2025-05-27,14:52,Afternoon,Telangkhedi,Telangkhedi,21.1538,79.04502,Domestic Violence,5,Low,2.1,3.75,FALSE,81,High,10,
NAG2025_0396,2025-09-04,22:04,Night,Besa,Besa,21.08771,79.09291,Eve Teasing,3,High,1.38,0.6,FALSE,81,High,12,
NAG2025_0397,2025-07-26,12:55,Afternoon,Kotwali,Kotwali,21.15013,79.1103,Molestation,2,High,4.66,1.07,FALSE,55,Medium,18,
NAG2025_0398,2025-07-30,08:50,Morning,Pardi,Pardi,21.14153,79.16058,Stalking,3,High,2.41,4.69,FALSE,69,High,8,
NAG2025_0399,2025-12-26,13:56,Afternoon,Mahal,Mahal,21.14482,79.11022,Stalking,1,Medium,2.8,4.87,FALSE,81,High,6,
NAG2025_0400,2025-11-18,15:53,Afternoon,Ajni,Ajni,21.13109,79.08536,Domestic Violence,5,High,4.07,3.01,FALSE,52,Medium,11,
NAG2025_0401,2025-09-26,22:53,Night,Lakadganj,Lakadganj,21.15403,79.11578,Domestic Violence,4,Medium,2.68,3.4,FALSE,91,High,19,
NAG2025_0402,2025-03-28,20:44,Evening,Nandanvan,Nandanvan,21.1401,79.13087,Domestic Violence,8,High,3.7,4.13,TRUE,58,Medium,23,
NAG2025_0403,2025-08-01,21:38,Night,Wathoda,Wathoda,21.141,79.13784,Molestation,5,Medium,3.16,0.27,FALSE,84,High,30,
NAG2025_0404,2025-03-02,13:13,Afternoon,Beltarodi,Beltarodi,21.07363,79.07496,Sexual Harassment,6,Low,2.23,2.73,TRUE,80,High,2,
NAG2025_0405,2025-03-28,13:55,Afternoon,Hudkeshwar,Hudkeshwar,21.09268,79.12794,Molestation,1,High,3.99,1.92,FALSE,61,Medium,1,
NAG2025_0406,2025-01-08,09:14,Morning,Hudkeshwar,Hudkeshwar,21.08775,79.13108,Kidnapping,8,Low,1.77,2.47,FALSE,55,Medium,1,
NAG2025_0407,2025-04-21,20:53,Evening,Mahal,Mahal,21.14658,79.1111,Molestation,4,High,3.46,4.83,TRUE,70,High,6,
NAG2025_0408,2025-04-07,20:36,Evening,Telangkhedi,Telangkhedi,21.15591,79.04888,Eve Teasing,2,High,2.9,0.35,FALSE,62,Medium,10,
NAG2025_0409,2025-11-18,02:04,Night,Pratap Nagar,Pratap Nagar,21.1157,79.0578,Eve Teasing,2,Low,4.02,3.95,FALSE,98,High,25,
NAG2025_0410,2025-09-12,13:45,Afternoon,Beltarodi,Beltarodi,21.07809,79.07758,Eve Teasing,4,Medium,2.22,4.85,FALSE,66,Medium,2,
NAG2025_0411,2025-09-09,17:59,Evening,Yashodhara Nagar,Yashodhara Nagar,21.18455,79.12279,Assault,7,High,2.5,4.28,FALSE,43,Medium,4,
NAG2025_0412,2025-10-23,19:38,Evening,Mahal,Mahal,21.13971,79.1107,Molestation,6,Medium,2.39,3.09,FALSE,69,High,6,
NAG2025_0413,2025-05-17,01:10,Night,Wathoda,Wathoda,21.13361,79.14013,Stalking,3,Medium,4.95,2.84,FALSE,87,High,30,
NAG2025_0414,2025-02-01,17:42,Evening,Besa,Besa,21.08756,79.08738,Kidnapping,7,Low,1.96,1.38,FALSE,71,High,12,
NAG2025_0415,2025-06-06,18:55,Evening,Sadar,Sadar,21.16501,79.07597,Stalking,10,Low,2.8,2.36,FALSE,47,Medium,26,
NAG2025_0416,2025-05-19,20:44,Evening,Yashodhara Nagar,Yashodhara Nagar,21.18521,79.12168,Eve Teasing,6,High,1.15,4.81,FALSE,61,Medium,4,
NAG2025_0417,2025-11-04,03:15,Night,Yashodhara Nagar,Yashodhara Nagar,21.18262,79.13066,Kidnapping,2,Medium,3.95,4.65,TRUE,100,High,4,
NAG2025_0418,2025-01-01,09:59,Morning,Telangkhedi,Telangkhedi,21.1609,79.04819,Stalking,6,Medium,3.46,3.71,FALSE,51,Medium,10,
NAG2025_0419,2025-08-19,12:55,Afternoon,Dharampeth,Dharampeth,21.13732,79.05863,Molestation,5,Low,4.8,3.29,FALSE,61,Medium,13,
NAG2025_0420,2025-11-28,17:31,Evening,Pardi,Pardi,21.14756,79.1648,Molestation,2,High,3.47,2.4,FALSE,65,Medium,8,
NAG2025_0421,2025-04-14,14:06,Afternoon,Panchpaoli,Panchpaoli,21.1492,79.09359,Domestic Violence,4,Medium,4.62,1.29,FALSE,69,High,24,
NAG2025_0422,2025-10-21,13:44,Afternoon,Sitabuldi,Sitabuldi,21.14272,79.08395,Assault,4,Low,3.13,0.96,FALSE,78,High,5,
NAG2025_0423,2025-08-07,23:11,Night,Hudkeshwar,Hudkeshwar,21.09136,79.12982,Eve Teasing,4,Medium,3.13,0.88,FALSE,87,High,1,
NAG2025_0424,2025-04-06,13:33,Afternoon,Kotwali,Kotwali,21.14261,79.10524,Eve Teasing,4,Low,2.99,2.52,FALSE,68,High,18,
NAG2025_0425,2025-07-16,21:26,Night,Dharampeth,Dharampeth,21.14052,79.06739,Molestation,7,High,0.31,0.24,FALSE,67,Medium,13,
NAG2025_0426,2025-10-09,03:08,Night,Telangkhedi,Telangkhedi,21.16213,79.05167,Sexual Harassment,2,High,3.45,3.14,FALSE,78,High,10,
NAG2025_0427,2025-09-02,20:18,Evening,Ajni,Ajni,21.12781,79.08619,Eve Teasing,9,Medium,0.38,0.65,FALSE,52,Medium,11,
NAG2025_0428,2025-12-07,02:20,Night,Pardi,Pardi,21.14193,79.16323,Domestic Violence,1,Medium,0.78,4.56,FALSE,100,High,8,
NAG2025_0429,2025-11-16,14:35,Afternoon,Pratap Nagar,Pratap Nagar,21.12059,79.05776,Eve Teasing,10,Medium,3.71,2.63,FALSE,30,Low,25,
NAG2025_0430,2025-08-16,02:47,Night,Ajni,Ajni,21.12485,79.0838,Kidnapping,10,High,1.65,2.52,FALSE,51,Medium,11,
NAG2025_0431,2025-05-28,20:05,Evening,Imamwada,Imamwada,21.12976,79.086,Kidnapping,3,High,4.76,2.19,FALSE,70,High,16,
NAG2025_0432,2025-03-22,16:22,Afternoon,Lakadganj,Lakadganj,21.15663,79.11451,Molestation,2,High,3.58,2.44,FALSE,53,Medium,19,
NAG2025_0433,2025-07-14,21:11,Night,Hingna,Hingna,21.07378,79.02411,Kidnapping,5,Medium,1.85,0.26,FALSE,80,High,7,
NAG2025_0434,2025-01-19,16:37,Afternoon,Mahalaxmi Nagar,Mahalaxmi Nagar,21.09908,79.12339,Stalking,6,Medium,4.49,4.33,TRUE,66,Medium,9,
NAG2025_0435,2025-12-13,18:42,Evening,Hingna,Hingna,21.06859,79.02209,Domestic Violence,2,High,3.43,0.88,TRUE,80,High,7,
NAG2025_0436,2025-02-17,10:04,Morning,Ajni,Ajni,21.12341,79.07764,Stalking,10,Low,1.47,2.83,FALSE,46,Medium,11,
NAG2025_0437,2025-10-11,05:18,Night,Yashodhara Nagar,Yashodhara Nagar,21.18483,79.12478,Domestic Violence,3,Medium,3.15,1.51,FALSE,76,High,4,
NAG2025_0438,2025-03-23,08:12,Morning,Beltarodi,Beltarodi,21.07303,79.07919,Assault,5,Medium,0.88,1.03,TRUE,90,High,2,
NAG2025_0439,2025-04-20,03:22,Night,Kalamna,Kalamna,21.15352,79.14075,Kidnapping,6,Low,2.17,0.77,FALSE,82,High,3,
NAG2025_0440,2025-09-29,06:26,Morning,Lashkaribagh,Lashkaribagh,21.1673,79.10212,Stalking,4,Low,3.83,4.27,FALSE,74,High,20,
NAG2025_0441,2025-11-04,11:18,Morning,Mahalaxmi Nagar,Mahalaxmi Nagar,21.09549,79.12178,Molestation,7,Low,1.81,3.55,FALSE,72,High,9,
NAG2025_0442,2025-08-17,10:11,Morning,Hudkeshwar,Hudkeshwar,21.09324,79.1232,Eve Teasing,10,Low,0.69,2.53,TRUE,70,High,1,
NAG2025_0443,2025-01-16,02:53,Night,Hudkeshwar,Hudkeshwar,21.08647,79.12765,Kidnapping,4,High,1.48,3.27,TRUE,100,High,1,
NAG2025_0444,2025-05-06,03:34,Night,Lakadganj,Lakadganj,21.15224,79.11708,Stalking,2,High,4.67,4.92,TRUE,93,High,19,
NAG2025_0445,2025-02-07,02:14,Night,Lashkaribagh,Lashkaribagh,21.16399,79.09565,Eve Teasing,3,High,3.13,2.66,FALSE,76,High,20,
NAG2025_0446,2025-08-03,06:40,Morning,Trimurti Nagar,Trimurti Nagar,21.11468,79.03706,Assault,7,High,0.78,2.76,FALSE,55,Medium,28,
NAG2025_0447,2025-07-17,14:32,Afternoon,Hudkeshwar,Hudkeshwar,21.09518,79.12807,Eve Teasing,7,Low,0.41,1.89,TRUE,95,High,1,
NAG2025_0448,2025-09-11,19:21,Evening,Panchpaoli,Panchpaoli,21.15028,79.09392,Eve Teasing,2,Low,0.6,4.85,FALSE,100,High,24,
NAG2025_0449,2025-03-23,19:49,Evening,Hingna,Hingna,21.06783,79.02952,Eve Teasing,3,Medium,0.42,2.01,TRUE,100,High,7,
NAG2025_0450,2025-10-26,07:40,Morning,Telangkhedi,Telangkhedi,21.15471,79.04877,Eve Teasing,7,High,1.08,4.37,FALSE,45,Medium,10,
NAG2025_0451,2025-06-30,14:42,Afternoon,Wathoda,Wathoda,21.13476,79.13693,Kidnapping,4,High,2.83,1.23,FALSE,54,Medium,30,
NAG2025_0452,2025-09-28,16:46,Afternoon,Sadar,Sadar,21.16176,79.06976,Molestation,7,High,0.58,0.38,FALSE,50,Medium,26,
NAG2025_0453,2025-05-06,04:31,Night,Hudkeshwar,Hudkeshwar,21.0916,79.12319,Assault,7,Medium,3.82,2.18,TRUE,78,High,1,
NAG2025_0454,2025-04-07,10:22,Morning,Pratap Nagar,Pratap Nagar,21.11183,79.05244,Sexual Harassment,3,High,1.53,1.41,TRUE,75,High,25,
NAG2025_0455,2025-06-02,06:34,Morning,Manewada,Manewada,21.10023,79.11056,Domestic Violence,6,High,3.27,2.32,TRUE,54,Medium,22,
NAG2025_0456,2025-09-11,15:40,Afternoon,Nandanvan,Nandanvan,21.13758,79.13142,Domestic Violence,9,Low,2.8,4.38,FALSE,60,Medium,23,
NAG2025_0457,2025-04-03,16:43,Afternoon,Trimurti Nagar,Trimurti Nagar,21.11258,79.04083,Molestation,1,High,4.65,0.91,FALSE,54,Medium,28,
NAG2025_0458,2025-01-17,19:01,Evening,Manewada,Manewada,21.09934,79.11174,Sexual Harassment,8,Low,1.96,1.67,FALSE,69,High,22,
NAG2025_0459,2025-07-04,11:48,Morning,Hudkeshwar,Hudkeshwar,21.09424,79.12899,Eve Teasing,7,High,0.88,0.33,FALSE,57,Medium,1,
NAG2025_0460,2025-03-31,20:52,Evening,Mahalaxmi Nagar,Mahalaxmi Nagar,21.10459,79.11775,Sexual Harassment,7,Medium,1.88,0.86,TRUE,90,High,9,
NAG2025_0461,2025-03-17,12:25,Afternoon,Gittikhadan,Gittikhadan,21.16766,79.05554,Molestation,7,Low,0.59,1.69,FALSE,68,High,15,
NAG2025_0462,2025-06-24,02:40,Night,Imamwada,Imamwada,21.13464,79.09472,Assault,8,Medium,4.01,0.83,FALSE,59,Medium,16,
NAG2025_0463,2025-08-28,12:34,Afternoon,Trimurti Nagar,Trimurti Nagar,21.11128,79.04126,Eve Teasing,3,Medium,2.2,3.24,TRUE,84,High,28,
NAG2025_0464,2025-10-03,13:58,Afternoon,Beltarodi,Beltarodi,21.07574,79.08079,Eve Teasing,10,Medium,2.91,4.24,FALSE,27,Low,2,
NAG2025_0465,2025-03-25,06:58,Morning,Nandanvan,Nandanvan,21.13629,79.13118,Sexual Harassment,9,Medium,3.06,4.36,FALSE,40,Low,23,
NAG2025_0466,2025-10-02,22:26,Night,Lashkaribagh,Lashkaribagh,21.16777,79.10157,Eve Teasing,7,Medium,4.38,1.93,FALSE,64,Medium,20,
NAG2025_0467,2025-03-30,19:29,Evening,Manewada,Manewada,21.09648,79.10386,Assault,1,Low,2.78,0.22,TRUE,100,High,22,
NAG2025_0468,2025-02-01,17:41,Evening,Besa,Besa,21.08186,79.09334,Eve Teasing,7,High,0.99,2.14,FALSE,65,Medium,12,
NAG2025_0469,2025-07-25,22:26,Night,Pratap Nagar,Pratap Nagar,21.11722,79.05852,Assault,9,Low,3.29,3.74,FALSE,73,High,25,
NAG2025_0470,2025-09-16,01:27,Night,Manewada,Manewada,21.09994,79.10537,Stalking,6,Low,4.12,2.05,FALSE,78,High,22,
NAG2025_0471,2025-11-09,10:16,Morning,Beltarodi,Beltarodi,21.07451,79.07389,Eve Teasing,6,Low,1.84,4.64,FALSE,64,Medium,2,
NAG2025_0472,2025-05-19,08:58,Morning,Hingna,Hingna,21.06914,79.02583,Molestation,10,High,3.3,1.84,FALSE,34,Low,7,
NAG2025_0473,2025-06-17,03:36,Night,Ajni,Ajni,21.12606,79.08339,Eve Teasing,3,Low,2.95,2.04,FALSE,92,High,11,
NAG2025_0474,2025-08-17,18:22,Evening,Yashodhara Nagar,Yashodhara Nagar,21.18398,79.12652,Sexual Harassment,9,Medium,1.19,0.27,TRUE,85,High,4,
NAG2025_0475,2025-05-20,17:10,Evening,Mahalaxmi Nagar,Mahalaxmi Nagar,21.09997,79.11817,Stalking,8,Low,3.55,1.21,FALSE,62,Medium,9,
NAG2025_0476,2025-08-14,01:34,Night,Wathoda,Wathoda,21.14254,79.1366,Assault,6,High,2.49,0.86,FALSE,53,Medium,30,
NAG2025_0477,2025-11-21,05:16,Night,Jaripatka,Jaripatka,21.18606,79.08337,Eve Teasing,5,Medium,0.36,2.79,FALSE,86,High,17,
NAG2025_0478,2025-04-02,20:28,Evening,Jaripatka,Jaripatka,21.18336,79.08997,Molestation,1,Low,0.93,3.37,FALSE,100,High,17,
NAG2025_0479,2025-04-02,21:56,Night,Mahalaxmi Nagar,Mahalaxmi Nagar,21.10072,79.12108,Kidnapping,5,Medium,1.33,3.32,FALSE,86,High,9,
NAG2025_0480,2025-04-11,17:15,Evening,Lashkaribagh,Lashkaribagh,21.16929,79.10318,Molestation,6,Low,0.9,2.15,FALSE,82,High,20,
NAG2025_0481,2025-07-04,20:39,Evening,Ganeshpeth,Ganeshpeth,21.14411,79.09288,Domestic Violence,7,High,2.92,3.91,TRUE,75,High,14,
NAG2025_0482,2025-12-24,12:47,Afternoon,Kalamna,Kalamna,21.15568,79.14487,Assault,5,Low,1.35,1.07,TRUE,87,High,3,
NAG2025_0483,2025-06-13,15:43,Afternoon,Trimurti Nagar,Trimurti Nagar,21.11719,79.03362,Eve Teasing,1,Medium,1.73,0.4,FALSE,83,High,28,
NAG2025_0484,2025-10-05,09:43,Morning,Wathoda,Wathoda,21.13862,79.13978,Domestic Violence,7,High,1.83,3.04,FALSE,42,Medium,30,
NAG2025_0485,2025-02-01,21:36,Night,MIHAN,MIHAN,21.06051,79.01902,Sexual Harassment,1,Low,0.27,0.72,FALSE,100,High,21,
NAG2025_0486,2025-10-19,21:48,Night,Kotwali,Kotwali,21.14128,79.10737,Sexual Harassment,5,Medium,2.21,1.8,TRUE,94,High,18,
NAG2025_0487,2025-08-22,19:39,Evening,Hingna,Hingna,21.07262,79.02158,Eve Teasing,8,High,3.61,1.24,TRUE,58,Medium,7,
NAG2025_0488,2025-12-23,22:18,Night,Telangkhedi,Telangkhedi,21.15446,79.04567,Molestation,1,Low,3.28,1.61,FALSE,100,High,10,
NAG2025_0489,2025-08-28,03:17,Night,Mahal,Mahal,21.13998,79.11294,Domestic Violence,7,Medium,3.9,1.64,TRUE,91,High,6,
NAG2025_0490,2025-09-10,08:17,Morning,Nandanvan,Nandanvan,21.14244,79.12636,Stalking,2,Medium,4.47,4.12,TRUE,100,High,23,
NAG2025_0491,2025-07-25,13:46,Afternoon,Nandanvan,Nandanvan,21.1352,79.12691,Molestation,5,Medium,1.56,2.03,FALSE,54,Medium,23,
NAG2025_0492,2025-08-10,19:03,Evening,Hingna,Hingna,21.0729,79.02241,Stalking,5,High,2.79,2.05,FALSE,64,Medium,7,
NAG2025_0493,2025-04-01,13:41,Afternoon,Mahal,Mahal,21.14544,79.11537,Sexual Harassment,1,High,0.51,3.48,FALSE,80,High,6,
NAG2025_0494,2025-04-03,07:17,Morning,Hudkeshwar,Hudkeshwar,21.09021,79.12383,Molestation,8,Medium,3.31,2.13,FALSE,42,Medium,1,
NAG2025_0495,2025-10-22,16:08,Afternoon,Gittikhadan,Gittikhadan,21.17363,79.04855,Molestation,5,Medium,4.12,2.37,FALSE,57,Medium,15,
NAG2025_0496,2025-12-03,23:51,Night,MIHAN,MIHAN,21.05594,79.01959,Molestation,1,Medium,3.63,4.31,FALSE,89,High,21,
NAG2025_0497,2025-06-03,18:18,Evening,Telangkhedi,Telangkhedi,21.1602,79.04814,Sexual Harassment,7,High,0.53,2.71,FALSE,52,Medium,10,
NAG2025_0498,2025-06-12,19:58,Evening,Lakadganj,Lakadganj,21.15656,79.11446,Eve Teasing,9,Low,4.13,2.01,FALSE,66,Medium,19,
NAG2025_0499,2025-09-21,11:26,Morning,Beltarodi,Beltarodi,21.07376,79.07949,Domestic Violence,9,Medium,0.33,4.41,FALSE,48,Medium,2,
NAG2025_0500,2025-11-07,03:38,Night,Hingna,Hingna,21.07248,79.02521,Molestation,4,Medium,1.7,4.34,FALSE,85,High,7,
NAG2025_0501,2025-06-26,22:10,Night,Manewada,Manewada,21.09142,79.10877,Molestation,10,High,3.94,2.88,FALSE,49,Medium,22,
NAG2025_0502,2025-07-26,10:55,Morning,Sadar,Sadar,21.15863,79.07726,Domestic Violence,9,High,2.83,0.63,FALSE,35,Low,26,
NAG2025_0503,2025-11-21,09:17,Morning,Telangkhedi,Telangkhedi,21.16296,79.04717,Sexual Harassment,1,High,2.27,3.71,FALSE,75,High,10,
NAG2025_0504,2025-02-27,21:43,Night,Dharampeth,Dharampeth,21.13868,79.06178,Molestation,9,Low,0.95,1.0,TRUE,98,High,13,
NAG2025_0505,2025-01-02,13:16,Afternoon,Hudkeshwar,Hudkeshwar,21.08954,79.13129,Kidnapping,6,High,3.96,4.66,FALSE,46,Medium,1,
NAG2025_0506,2025-08-01,20:24,Evening,Beltarodi,Beltarodi,21.07998,79.07662,Domestic Violence,10,High,3.84,3.36,FALSE,30,Low,2,
NAG2025_0507,2025-12-13,16:54,Afternoon,Yashodhara Nagar,Yashodhara Nagar,21.18002,79.12869,Sexual Harassment,3,Medium,3.93,2.58,TRUE,79,High,4,
NAG2025_0508,2025-12-12,17:58,Evening,Lakadganj,Lakadganj,21.15196,79.11887,Stalking,4,Medium,2.48,3.96,FALSE,65,Medium,19,
NAG2025_0509,2025-12-04,14:22,Afternoon,Hudkeshwar,Hudkeshwar,21.09474,79.12319,Sexual Harassment,4,High,4.59,0.79,FALSE,52,Medium,1,
NAG2025_0510,2025-09-25,22:50,Night,Hudkeshwar,Hudkeshwar,21.08953,79.12833,Stalking,2,Medium,4.05,4.83,TRUE,100,High,1,
NAG2025_0511,2025-07-03,07:00,Morning,Wathoda,Wathoda,21.13904,79.13819,Domestic Violence,8,Medium,2.01,1.36,FALSE,54,Medium,30,
NAG2025_0512,2025-08-12,20:22,Evening,Ajni,Ajni,21.12539,79.07877,Domestic Violence,5,Low,0.53,4.73,FALSE,92,High,11,
NAG2025_0513,2025-08-17,04:11,Night,Wathoda,Wathoda,21.13307,79.13762,Molestation,1,Low,2.53,2.4,FALSE,100,High,30,
NAG2025_0514,2025-08-13,16:32,Afternoon,Kalamna,Kalamna,21.15337,79.13639,Kidnapping,2,Low,3.76,1.81,FALSE,88,High,3,
NAG2025_0515,2025-02-03,05:37,Night,Telangkhedi,Telangkhedi,21.15406,79.04984,Eve Teasing,9,Low,2.15,1.11,FALSE,81,High,10,
NAG2025_0516,2025-01-06,23:24,Night,Yashodhara Nagar,Yashodhara Nagar,21.17762,79.12207,Molestation,1,High,4.25,2.66,TRUE,100,High,4,
NAG2025_0517,2025-05-22,05:54,Night,Yashodhara Nagar,Yashodhara Nagar,21.1848,79.12302,Assault,5,Low,2.9,2.82,FALSE,84,High,4,
NAG2025_0518,2025-03-02,12:04,Afternoon,Sadar,Sadar,21.16351,79.07815,Molestation,3,Low,4.19,3.26,FALSE,74,High,26,
NAG2025_0519,2025-03-26,03:06,Night,Sadar,Sadar,21.1621,79.07175,Domestic Violence,6,Medium,3.81,4.33,FALSE,79,High,26,
NAG2025_0520,2025-09-06,01:55,Night,Kalamna,Kalamna,21.15704,79.13751,Sexual Harassment,6,Medium,0.72,1.6,FALSE,77,High,3,
NAG2025_0521,2025-09-04,12:08,Afternoon,Lakadganj,Lakadganj,21.15849,79.12049,Eve Teasing,6,High,1.72,2.45,FALSE,56,Medium,19,
NAG2025_0522,2025-08-02,13:10,Afternoon,Ganeshpeth,Ganeshpeth,21.14427,79.1006,Eve Teasing,1,Low,0.61,3.68,FALSE,89,High,14,
NAG2025_0523,2025-01-22,01:02,Night,Kalamna,Kalamna,21.15485,79.13667,Molestation,7,Medium,2.93,3.34,FALSE,67,Medium,3,
NAG2025_0524,2025-07-08,13:33,Afternoon,Ganeshpeth,Ganeshpeth,21.14134,79.09382,Domestic Violence,10,High,4.52,1.83,FALSE,29,Low,14,
NAG2025_0525,2025-02-25,15:07,Afternoon,Gittikhadan,Gittikhadan,21.17558,79.04794,Assault,2,Low,3.05,3.06,FALSE,88,High,15,
NAG2025_0526,2025-10-28,03:15,Night,Kalamna,Kalamna,21.15717,79.14328,Eve Teasing,4,Low,0.24,2.49,TRUE,100,High,3,
NAG2025_0527,2025-12-08,02:06,Night,Wathoda,Wathoda,21.13986,79.13411,Stalking,9,Medium,0.87,2.65,FALSE,71,High,30,
NAG2025_0528,2025-04-20,23:18,Night,Beltarodi,Beltarodi,21.07107,79.07624,Molestation,5,Low,1.05,2.01,FALSE,100,High,2,
NAG2025_0529,2025-10-16,16:44,Afternoon,Dharampeth,Dharampeth,21.13862,79.06428,Eve Teasing,2,Low,1.53,0.31,FALSE,95,High,13,
NAG2025_0530,2025-11-10,05:31,Night,Ajni,Ajni,21.12708,79.07975,Kidnapping,10,High,4.84,2.43,FALSE,33,Low,11,
NAG2025_0531,2025-06-14,15:46,Afternoon,Lashkaribagh,Lashkaribagh,21.16423,79.10142,Stalking,2,Low,3.73,1.24,FALSE,85,High,20,
NAG2025_0532,2025-08-20,18:13,Evening,Yashodhara Nagar,Yashodhara Nagar,21.18087,79.12337,Domestic Violence,3,Low,2.47,1.47,FALSE,82,High,4,
NAG2025_0533,2025-03-18,01:37,Night,Mahal,Mahal,21.14129,79.11381,Molestation,7,Medium,4.67,2.34,TRUE,90,High,6,
NAG2025_0534,2025-01-30,18:37,Evening,Seminary Hills,Seminary Hills,21.1669,79.05424,Assault,2,High,3.87,0.82,FALSE,76,High,27,
NAG2025_0535,2025-03-03,03:24,Night,Gittikhadan,Gittikhadan,21.17462,79.05426,Sexual Harassment,8,Medium,2.14,1.42,FALSE,69,High,15,
NAG2025_0536,2025-04-05,07:34,Morning,Nandanvan,Nandanvan,21.13541,79.12833,Domestic Violence,8,Medium,0.44,1.54,FALSE,59,Medium,23,
NAG2025_0537,2025-08-17,22:16,Night,Mahal,Mahal,21.13928,79.11453,Molestation,4,High,0.53,1.13,FALSE,90,High,6,
NAG2025_0538,2025-08-29,08:02,Morning,Wardha Road,Wardha Road,21.10434,79.06861,Sexual Harassment,7,Low,3.09,2.37,FALSE,60,Medium,29,
NAG2025_0539,2025-09-04,08:46,Morning,Mahalaxmi Nagar,Mahalaxmi Nagar,21.09971,79.11902,Domestic Violence,8,Medium,4.25,1.63,FALSE,38,Low,9,
NAG2025_0540,2025-08-01,19:40,Evening,Mahalaxmi Nagar,Mahalaxmi Nagar,21.10205,79.1172,Eve Teasing,6,Medium,0.87,2.99,FALSE,72,High,9,
NAG2025_0541,2025-04-23,18:07,Evening,Hingna,Hingna,21.07223,79.02944,Molestation,2,Medium,1.72,2.77,TRUE,97,High,7,
NAG2025_0542,2025-03-05,05:11,Night,Lashkaribagh,Lashkaribagh,21.16783,79.10448,Stalking,2,High,3.56,4.77,TRUE,89,High,20,
NAG2025_0543,2025-07-12,02:12,Night,Sadar,Sadar,21.16226,79.07556,Domestic Violence,7,Low,3.39,4.27,FALSE,85,High,26,
NAG2025_0544,2025-10-09,13:10,Afternoon,Hudkeshwar,Hudkeshwar,21.08629,79.13192,Assault,10,Medium,3.57,4.15,FALSE,29,Low,1,
NAG2025_0545,2025-02-11,03:02,Night,Ganeshpeth,Ganeshpeth,21.13572,79.09397,Sexual Harassment,3,Low,4.38,3.85,FALSE,98,High,14,
NAG2025_0546,2025-12-18,00:40,Night,Imamwada,Imamwada,21.13728,79.09301,Stalking,10,Medium,0.65,1.11,FALSE,65,Medium,16,
NAG2025_0547,2025-03-14,00:16,Night,Ganeshpeth,Ganeshpeth,21.14318,79.09633,Kidnapping,1,High,1.57,3.14,TRUE,100,High,14,
NAG2025_0548,2025-08-05,18:58,Evening,Beltarodi,Beltarodi,21.07309,79.07885,Eve Teasing,4,Low,2.32,3.5,TRUE,100,High,2,
NAG2025_0549,2025-07-31,18:27,Evening,Sitabuldi,Sitabuldi,21.13886,79.08619,Eve Teasing,7,Low,1.47,4.46,FALSE,70,High,5,
NAG2025_0550,2025-03-17,16:07,Afternoon,Beltarodi,Beltarodi,21.07127,79.07674,Assault,10,Medium,4.21,2.12,FALSE,35,Low,2,
NAG2025_0551,2025-02-16,12:37,Afternoon,Hudkeshwar,Hudkeshwar,21.09362,79.12812,Molestation,10,Medium,2.06,2.14,FALSE,34,Low,1,
NAG2025_0552,2025-05-22,21:29,Night,Panchpaoli,Panchpaoli,21.14947,79.09358,Stalking,7,High,2.07,0.43,FALSE,55,Medium,24,
NAG2025_0553,2025-08-25,11:31,Morning,Panchpaoli,Panchpaoli,21.15285,79.09592,Stalking,4,Medium,3.34,3.49,FALSE,72,High,24,
NAG2025_0554,2025-10-30,14:15,Afternoon,Pratap Nagar,Pratap Nagar,21.12131,79.05341,Domestic Violence,3,Low,2.59,4.76,FALSE,77,High,25,
NAG2025_0555,2025-12-30,05:40,Night,Lakadganj,Lakadganj,21.15367,79.11383,Eve Teasing,9,Medium,3.1,3.17,FALSE,55,Medium,19,
NAG2025_0556,2025-12-19,13:28,Afternoon,Jaripatka,Jaripatka,21.17877,79.08864,Kidnapping,5,Medium,4.98,4.23,TRUE,73,High,17,
NAG2025_0557,2025-06-18,06:37,Morning,Beltarodi,Beltarodi,21.07153,79.08056,Sexual Harassment,1,Medium,3.2,2.24,TRUE,100,High,2,
NAG2025_0558,2025-02-02,11:54,Morning,Manewada,Manewada,21.09218,79.10937,Assault,5,Low,1.35,3.56,FALSE,81,High,22,
NAG2025_0559,2025-08-12,19:27,Evening,Pratap Nagar,Pratap Nagar,21.11894,79.05352,Domestic Violence,6,Medium,4.45,1.56,FALSE,57,Medium,25,
NAG2025_0560,2025-01-22,09:19,Morning,Mahal,Mahal,21.14282,79.11239,Molestation,5,High,4.56,2.2,FALSE,46,Medium,6,
NAG2025_0561,2025-11-30,00:59,Night,Kotwali,Kotwali,21.14432,79.10747,Assault,4,Low,3.43,2.47,FALSE,92,High,18,
NAG2025_0562,2025-12-11,11:04,Morning,Mahal,Mahal,21.1414,79.11562,Domestic Violence,2,Medium,1.42,0.75,FALSE,76,High,6,
NAG2025_0563,2025-11-11,15:20,Afternoon,Telangkhedi,Telangkhedi,21.16218,79.04472,Stalking,2,Low,4.76,2.42,FALSE,87,High,10,
NAG2025_0564,2025-08-02,07:06,Morning,Beltarodi,Beltarodi,21.07741,79.07409,Molestation,7,Low,3.94,1.72,FALSE,62,Medium,2,
NAG2025_0565,2025-08-22,02:19,Night,Hingna,Hingna,21.06832,79.0285,Eve Teasing,8,Low,0.97,4.89,FALSE,74,High,7,
NAG2025_0566,2025-12-13,18:06,Evening,Hudkeshwar,Hudkeshwar,21.08734,79.1261,Stalking,9,Medium,1.09,2.41,TRUE,80,High,1,
NAG2025_0567,2025-02-03,18:29,Evening,Mahalaxmi Nagar,Mahalaxmi Nagar,21.09581,79.12261,Eve Teasing,1,High,4.89,2.94,TRUE,89,High,9,
NAG2025_0568,2025-09-23,04:07,Night,Beltarodi,Beltarodi,21.07721,79.07739,Kidnapping,6,High,4.0,1.82,TRUE,86,High,2,
NAG2025_0569,2025-07-22,15:38,Afternoon,Yashodhara Nagar,Yashodhara Nagar,21.18181,79.12221,Molestation,9,Medium,1.62,3.4,TRUE,67,Medium,4,
NAG2025_0570,2025-11-21,04:11,Night,Ajni,Ajni,21.12849,79.07944,Eve Teasing,9,Low,4.26,0.23,FALSE,74,High,11,
NAG2025_0571,2025-03-22,20:10,Evening,Besa,Besa,21.08641,79.09039,Molestation,7,Medium,3.41,1.02,FALSE,58,Medium,12,
NAG2025_0572,2025-12-18,01:36,Night,Ajni,Ajni,21.12539,79.08511,Stalking,5,Low,3.69,3.12,FALSE,95,High,11,
NAG2025_0573,2025-11-06,16:33,Afternoon,Sadar,Sadar,21.16025,79.07015,Eve Teasing,9,High,4.49,2.24,FALSE,30,Low,26,
NAG2025_0574,2025-05-16,01:55,Night,Hudkeshwar,Hudkeshwar,21.08872,79.13047,Assault,5,Medium,3.53,3.18,TRUE,90,High,1,
NAG2025_0575,2025-03-27,08:13,Morning,Sitabuldi,Sitabuldi,21.13927,79.08606,Kidnapping,9,High,4.66,2.12,FALSE,26,Low,5,
NAG2025_0576,2025-10-05,17:00,Evening,Dharampeth,Dharampeth,21.14005,79.06157,Eve Teasing,7,Medium,0.98,1.89,FALSE,71,High,13,
NAG2025_0577,2025-07-04,15:21,Afternoon,Panchpaoli,Panchpaoli,21.15291,79.08976,Eve Teasing,3,Medium,0.93,3.55,FALSE,85,High,24,
NAG2025_0578,2025-08-12,11:38,Morning,Mahalaxmi Nagar,Mahalaxmi Nagar,21.0964,79.12365,Molestation,6,Medium,0.36,3.49,FALSE,68,High,9,
NAG2025_0579,2025-07-04,22:42,Night,Mahal,Mahal,21.14008,79.11274,Sexual Harassment,8,Medium,1.26,2.35,FALSE,62,Medium,6,
NAG2025_0580,2025-04-23,14:54,Afternoon,Mahalaxmi Nagar,Mahalaxmi Nagar,21.09603,79.12157,Molestation,7,High,2.92,1.35,FALSE,42,Medium,9,
NAG2025_0581,2025-11-12,08:58,Morning,Sadar,Sadar,21.16105,79.07681,Eve Teasing,3,Low,2.56,1.78,FALSE,75,High,26,
NAG2025_0582,2025-01-18,18:03,Evening,Sitabuldi,Sitabuldi,21.13831,79.08423,Assault,3,Medium,2.04,2.04,FALSE,87,High,5,
NAG2025_0583,2025-09-11,12:36,Afternoon,MIHAN,MIHAN,21.06318,79.02143,Eve Teasing,4,Low,3.93,4.69,FALSE,75,High,21,
NAG2025_0584,2025-02-16,06:36,Morning,Imamwada,Imamwada,21.13148,79.08543,Domestic Violence,9,Medium,4.58,1.94,FALSE,35,Low,16,
NAG2025_0585,2025-12-24,00:38,Night,Panchpaoli,Panchpaoli,21.15671,79.09741,Stalking,8,High,2.72,1.12,FALSE,62,Medium,24,
NAG2025_0586,2025-01-31,17:29,Evening,Yashodhara Nagar,Yashodhara Nagar,21.18515,79.12395,Domestic Violence,10,Low,4.49,2.63,FALSE,49,Medium,4,
NAG2025_0587,2025-06-25,05:14,Night,Kalamna,Kalamna,21.15727,79.1434,Kidnapping,4,High,3.92,1.46,TRUE,95,High,3,
NAG2025_0588,2025-11-08,16:49,Afternoon,Ajni,Ajni,21.13075,79.0789,Eve Teasing,5,High,3.46,4.49,FALSE,38,Low,11,
NAG2025_0589,2025-09-24,11:47,Morning,Sadar,Sadar,21.15923,79.0726,Molestation,7,High,1.63,3.22,FALSE,36,Low,26,
NAG2025_0590,2025-03-09,20:34,Evening,Dharampeth,Dharampeth,21.13896,79.06371,Assault,7,Medium,0.37,2.27,FALSE,79,High,13,
NAG2025_0591,2025-06-03,14:42,Afternoon,Hudkeshwar,Hudkeshwar,21.09415,79.12996,Eve Teasing,5,Medium,3.3,4.95,FALSE,61,Medium,1,
NAG2025_0592,2025-02-14,09:27,Morning,Sadar,Sadar,21.16346,79.0759,Assault,3,High,4.01,4.77,FALSE,51,Medium,26,
NAG2025_0593,2025-04-07,13:38,Afternoon,Lakadganj,Lakadganj,21.14924,79.11665,Molestation,9,High,0.35,3.92,FALSE,43,Medium,19,
NAG2025_0594,2025-10-26,01:07,Night,Telangkhedi,Telangkhedi,21.1591,79.05276,Molestation,10,Medium,1.31,3.62,TRUE,77,High,10,
NAG2025_0595,2025-09-30,04:22,Night,Kalamna,Kalamna,21.15812,79.13676,Domestic Violence,3,High,3.08,0.58,FALSE,69,High,3,
NAG2025_0596,2025-08-17,07:18,Morning,Ajni,Ajni,21.12567,79.08275,Domestic Violence,7,High,0.56,0.79,FALSE,41,Low,11,
NAG2025_0597,2025-09-27,13:12,Afternoon,Ajni,Ajni,21.12813,79.07983,Eve Teasing,3,High,0.24,0.51,FALSE,69,High,11,
NAG2025_0598,2025-05-07,01:21,Night,Wathoda,Wathoda,21.1338,79.13394,Molestation,5,Medium,3.57,2.83,FALSE,71,High,30,
NAG2025_0599,2025-05-21,05:25,Night,Beltarodi,Beltarodi,21.07298,79.08219,Sexual Harassment,2,Low,4.62,2.11,FALSE,100,High,2,
NAG2025_0600,2025-03-09,05:01,Night,Sitabuldi,Sitabuldi,21.13963,79.08911,Stalking,10,Medium,0.9,2.08,TRUE,86,High,5,
NAG2025_0601,2025-12-25,04:00,Night,Sitabuldi,Sitabuldi,21.14007,79.08566,Assault,5,Medium,1.06,4.6,FALSE,80,High,5,
NAG2025_0602,2025-02-24,07:48,Morning,Dharampeth,Dharampeth,21.14344,79.06086,Stalking,7,Low,0.73,0.2,FALSE,69,High,13,
NAG2025_0603,2025-12-11,04:26,Night,Besa,Besa,21.08706,79.09415,Sexual Harassment,5,Medium,2.08,3.53,FALSE,83,High,12,
NAG2025_0604,2025-07-02,17:41,Evening,Lakadganj,Lakadganj,21.15001,79.11768,Domestic Violence,10,Low,3.99,3.13,FALSE,62,Medium,19,
NAG2025_0605,2025-09-11,03:45,Night,Kotwali,Kotwali,21.14383,79.11178,Stalking,4,Low,3.68,4.31,FALSE,97,High,18,
NAG2025_0606,2025-02-01,09:15,Morning,Telangkhedi,Telangkhedi,21.15837,79.04762,Stalking,9,High,0.49,2.15,FALSE,49,Medium,10,
NAG2025_0607,2025-09-21,19:35,Evening,Lakadganj,Lakadganj,21.15541,79.11323,Sexual Harassment,2,High,2.83,1.25,FALSE,69,High,19,
NAG2025_0608,2025-09-08,07:03,Morning,Nandanvan,Nandanvan,21.13636,79.12747,Molestation,5,Medium,1.52,0.93,FALSE,59,Medium,23,
NAG2025_0609,2025-09-24,18:38,Evening,Ajni,Ajni,21.12777,79.07906,Sexual Harassment,5,Medium,4.43,3.02,FALSE,59,Medium,11,
NAG2025_0610,2025-02-02,04:41,Night,Jaripatka,Jaripatka,21.18035,79.08629,Kidnapping,4,Medium,2.85,0.85,FALSE,74,High,17,
NAG2025_0611,2025-10-26,07:32,Morning,Nandanvan,Nandanvan,21.13977,79.12597,Eve Teasing,4,Medium,3.29,0.6,FALSE,68,High,23,
NAG2025_0612,2025-09-07,11:07,Morning,Beltarodi,Beltarodi,21.07897,79.08009,Stalking,3,Low,4.17,1.87,FALSE,74,High,2,
NAG2025_0613,2025-08-19,18:43,Evening,Manewada,Manewada,21.09449,79.10843,Stalking,5,Medium,0.7,4.77,FALSE,74,High,22,
NAG2025_0614,2025-09-16,00:40,Night,Kalamna,Kalamna,21.1585,79.14127,Domestic Violence,10,Low,1.15,2.42,TRUE,90,High,3,
NAG2025_0615,2025-01-19,14:18,Afternoon,Panchpaoli,Panchpaoli,21.14929,79.09078,Sexual Harassment,3,Medium,5.0,1.79,FALSE,70,High,24,
NAG2025_0616,2025-05-07,12:29,Afternoon,Panchpaoli,Panchpaoli,21.15441,79.0928,Eve Teasing,5,Medium,2.83,3.66,FALSE,55,Medium,24,
NAG2025_0617,2025-09-25,09:49,Morning,Sitabuldi,Sitabuldi,21.14365,79.09183,Eve Teasing,2,Low,1.78,1.83,FALSE,93,High,5,
NAG2025_0618,2025-01-21,09:21,Morning,Lakadganj,Lakadganj,21.1509,79.11901,Stalking,9,Low,1.07,4.99,TRUE,76,High,19,
NAG2025_0619,2025-04-11,12:21,Afternoon,Mahal,Mahal,21.14562,79.10865,Eve Teasing,7,High,0.9,1.35,FALSE,47,Medium,6,
NAG2025_0620,2025-05-03,10:06,Morning,Beltarodi,Beltarodi,21.07206,79.08042,Domestic Violence,7,High,0.47,3.79,FALSE,47,Medium,2,
NAG2025_0621,2025-09-02,09:54,Morning,Kalamna,Kalamna,21.15189,79.1443,Molestation,1,Medium,3.9,3.77,TRUE,89,High,3,
NAG2025_0622,2025-04-15,11:34,Morning,Kalamna,Kalamna,21.15327,79.13812,Domestic Violence,5,High,1.17,0.43,FALSE,59,Medium,3,
NAG2025_0623,2025-03-23,17:16,Evening,Telangkhedi,Telangkhedi,21.16125,79.05083,Molestation,7,High,1.86,2.2,FALSE,59,Medium,10,
NAG2025_0624,2025-05-17,18:04,Evening,Kalamna,Kalamna,21.15342,79.14068,Molestation,4,Medium,1.16,0.23,FALSE,84,High,3,
NAG2025_0625,2025-07-11,06:18,Morning,Mahal,Mahal,21.14665,79.11557,Domestic Violence,1,Low,4.88,1.94,FALSE,90,High,6,
NAG2025_0626,2025-02-13,20:26,Evening,Manewada,Manewada,21.09242,79.10329,Stalking,3,Low,2.06,2.85,FALSE,89,High,22,
NAG2025_0627,2025-01-28,08:21,Morning,Mahal,Mahal,21.1445,79.1143,Stalking,4,High,0.23,1.15,FALSE,62,Medium,6,
NAG2025_0628,2025-09-06,20:23,Evening,Dharampeth,Dharampeth,21.13779,79.06682,Eve Teasing,1,Low,2.5,1.37,FALSE,100,High,13,
NAG2025_0629,2025-07-06,20:59,Evening,Pratap Nagar,Pratap Nagar,21.11535,79.05389,Kidnapping,2,Medium,4.54,0.72,TRUE,92,High,25,
NAG2025_0630,2025-04-28,08:41,Morning,MIHAN,MIHAN,21.05706,79.01603,Kidnapping,6,Low,0.42,3.74,FALSE,76,High,21,
NAG2025_0631,2025-08-27,12:41,Afternoon,Pratap Nagar,Pratap Nagar,21.11497,79.0534,Eve Teasing,1,High,1.55,2.16,TRUE,95,High,25,
NAG2025_0632,2025-12-24,12:37,Afternoon,Hudkeshwar,Hudkeshwar,21.09522,79.12963,Eve Teasing,1,Low,1.02,4.06,TRUE,100,High,1,
NAG2025_0633,2025-04-20,01:14,Night,Sitabuldi,Sitabuldi,21.14459,79.08572,Stalking,2,Medium,3.17,3.14,TRUE,100,High,5,
NAG2025_0634,2025-11-25,08:35,Morning,Pratap Nagar,Pratap Nagar,21.11224,79.05915,Kidnapping,3,Medium,4.46,1.53,FALSE,61,Medium,25,
NAG2025_0635,2025-03-02,22:56,Night,Pardi,Pardi,21.13989,79.15735,Eve Teasing,10,Medium,3.88,3.65,FALSE,47,Medium,8,
NAG2025_0636,2025-10-13,13:54,Afternoon,Kotwali,Kotwali,21.14696,79.10471,Assault,6,Medium,4.51,4.95,FALSE,51,Medium,18,
NAG2025_0637,2025-01-19,04:46,Night,Mahalaxmi Nagar,Mahalaxmi Nagar,21.09915,79.12115,Eve Teasing,2,Medium,1.63,2.8,TRUE,100,High,9,
NAG2025_0638,2025-02-11,14:28,Afternoon,Nandanvan,Nandanvan,21.13998,79.12638,Domestic Violence,7,Low,0.42,3.19,TRUE,98,High,23,
NAG2025_0639,2025-03-23,19:17,Evening,Pardi,Pardi,21.14585,79.15724,Assault,2,High,1.14,2.27,FALSE,82,High,8,
NAG2025_0640,2025-11-22,06:15,Morning,Panchpaoli,Panchpaoli,21.15727,79.0916,Sexual Harassment,8,High,2.76,3.39,FALSE,40,Low,24,
NAG2025_0641,2025-05-17,02:21,Night,Sitabuldi,Sitabuldi,21.14481,79.08875,Kidnapping,3,Medium,4.3,2.72,FALSE,86,High,5,
NAG2025_0642,2025-08-25,12:19,Afternoon,Beltarodi,Beltarodi,21.07688,79.07779,Eve Teasing,6,High,4.52,3.26,TRUE,58,Medium,2,
NAG2025_0643,2025-03-23,03:49,Night,Beltarodi,Beltarodi,21.07563,79.07317,Eve Teasing,9,Medium,2.93,2.66,TRUE,82,High,2,
NAG2025_0644,2025-03-13,20:47,Evening,Pratap Nagar,Pratap Nagar,21.11946,79.05197,Sexual Harassment,4,Low,1.78,1.06,FALSE,95,High,25,
NAG2025_0645,2025-09-16,14:48,Afternoon,Hudkeshwar,Hudkeshwar,21.09492,79.12474,Domestic Violence,8,High,0.27,4.86,TRUE,76,High,1,
NAG2025_0646,2025-06-25,02:07,Night,Kalamna,Kalamna,21.15733,79.13755,Stalking,5,High,0.31,1.35,FALSE,75,High,3,
NAG2025_0647,2025-12-07,05:32,Night,Mahal,Mahal,21.14043,79.11412,Domestic Violence,10,Medium,4.96,2.66,FALSE,59,Medium,6,
NAG2025_0648,2025-09-17,18:33,Evening,Kalamna,Kalamna,21.15736,79.13967,Molestation,8,High,1.99,0.9,FALSE,54,Medium,3,
NAG2025_0649,2025-03-13,12:57,Afternoon,Kalamna,Kalamna,21.15907,79.1428,Assault,9,High,1.06,3.96,TRUE,58,Medium,3,
NAG2025_0650,2025-09-29,14:42,Afternoon,Sadar,Sadar,21.15837,79.07683,Eve Teasing,8,Medium,2.38,0.77,FALSE,56,Medium,26,
NAG2025_0651,2025-12-01,23:32,Night,Besa,Besa,21.09025,79.08708,Domestic Violence,1,Low,1.09,1.52,FALSE,100,High,12,
NAG2025_0652,2025-09-19,07:00,Morning,Yashodhara Nagar,Yashodhara Nagar,21.1821,79.12634,Assault,7,Low,1.98,0.64,TRUE,83,High,4,
NAG2025_0653,2025-07-01,22:16,Night,Hingna,Hingna,21.07529,79.02573,Stalking,2,Medium,3.78,4.07,FALSE,86,High,7,
NAG2025_0654,2025-12-23,05:20,Night,Sadar,Sadar,21.1602,79.0748,Stalking,2,Medium,0.34,2.44,FALSE,100,High,26,
NAG2025_0655,2025-06-21,06:56,Morning,Hudkeshwar,Hudkeshwar,21.09247,79.12208,Eve Teasing,4,High,3.04,0.42,TRUE,66,Medium,1,
NAG2025_0656,2025-07-21,15:15,Afternoon,Wathoda,Wathoda,21.14119,79.13804,Kidnapping,4,Medium,3.15,2.5,FALSE,51,Medium,30,
NAG2025_0657,2025-08-26,18:27,Evening,Sadar,Sadar,21.1621,79.07541,Sexual Harassment,7,High,4.72,1.2,FALSE,47,Medium,26,
NAG2025_0658,2025-11-12,05:51,Night,Yashodhara Nagar,Yashodhara Nagar,21.18466,79.13003,Stalking,5,Low,2.79,1.41,FALSE,81,High,4,
NAG2025_0659,2025-10-19,23:03,Night,Yashodhara Nagar,Yashodhara Nagar,21.18112,79.1263,Molestation,5,High,2.65,0.32,TRUE,91,High,4,
NAG2025_0660,2025-08-14,18:38,Evening,Yashodhara Nagar,Yashodhara Nagar,21.18343,79.12384,Molestation,2,High,1.17,2.64,FALSE,88,High,4,
NAG2025_0661,2025-02-10,16:08,Afternoon,Kotwali,Kotwali,21.14625,79.10761,Assault,6,Medium,4.47,4.32,FALSE,44,Medium,18,
NAG2025_0662,2025-04-04,19:24,Evening,Nandanvan,Nandanvan,21.14041,79.13027,Domestic Violence,5,Medium,1.65,1.37,FALSE,67,Medium,23,
NAG2025_0663,2025-09-18,22:09,Night,Seminary Hills,Seminary Hills,21.16278,79.05348,Domestic Violence,4,Medium,2.63,0.75,FALSE,74,High,27,
NAG2025_0664,2025-08-16,17:26,Evening,Trimurti Nagar,Trimurti Nagar,21.11441,79.04143,Sexual Harassment,5,High,1.44,0.68,FALSE,64,Medium,28,
NAG2025_0665,2025-04-19,21:46,Night,Nandanvan,Nandanvan,21.13962,79.12387,Stalking,5,Medium,1.31,3.81,FALSE,82,High,23,
NAG2025_0666,2025-11-27,12:42,Afternoon,Trimurti Nagar,Trimurti Nagar,21.10999,79.03253,Molestation,3,Low,0.79,2.59,TRUE,100,High,28,
NAG2025_0667,2025-05-30,16:08,Afternoon,Imamwada,Imamwada,21.13075,79.08632,Eve Teasing,8,Medium,4.72,4.06,FALSE,45,Medium,16,
NAG2025_0668,2025-09-14,19:27,Evening,Lakadganj,Lakadganj,21.15716,79.12273,Sexual Harassment,4,High,0.3,4.72,FALSE,74,High,19,
NAG2025_0669,2025-07-19,07:14,Morning,Mahal,Mahal,21.14457,79.11222,Stalking,3,Low,4.11,2.66,FALSE,77,High,6,
NAG2025_0670,2025-12-26,14:50,Afternoon,Yashodhara Nagar,Yashodhara Nagar,21.18501,79.12423,Domestic Violence,9,Low,4.27,2.76,FALSE,47,Medium,4,
NAG2025_0671,2025-08-02,02:05,Night,Pardi,Pardi,21.14018,79.16064,Molestation,4,High,0.75,4.26,FALSE,90,High,8,
NAG2025_0672,2025-09-03,03:17,Night,Yashodhara Nagar,Yashodhara Nagar,21.18039,79.12519,Eve Teasing,8,Medium,2.41,3.24,FALSE,56,Medium,4,
NAG2025_0673,2025-07-04,15:06,Afternoon,Jaripatka,Jaripatka,21.1786,79.08227,Eve Teasing,3,High,1.54,3.32,FALSE,57,Medium,17,
NAG2025_0674,2025-04-28,06:55,Morning,Hudkeshwar,Hudkeshwar,21.09469,79.12344,Molestation,8,Low,1.63,2.07,TRUE,76,High,1,
NAG2025_0675,2025-12-17,23:50,Night,Mahal,Mahal,21.14485,79.11243,Eve Teasing,2,High,2.54,2.97,FALSE,85,High,6,
NAG2025_0676,2025-04-22,01:51,Night,Kalamna,Kalamna,21.15867,79.14297,Molestation,1,Low,0.72,0.89,FALSE,100,High,3,
NAG2025_0677,2025-04-13,16:45,Afternoon,Hudkeshwar,Hudkeshwar,21.08602,79.12949,Molestation,4,High,3.14,3.96,FALSE,51,Medium,1,
NAG2025_0678,2025-02-07,02:39,Night,Kalamna,Kalamna,21.14975,79.14031,Sexual Harassment,6,High,2.78,1.75,FALSE,61,Medium,3,
NAG2025_0679,2025-12-28,01:05,Night,Yashodhara Nagar,Yashodhara Nagar,21.18054,79.12466,Stalking,8,Medium,1.23,2.12,FALSE,80,High,4,
NAG2025_0680,2025-11-02,16:25,Afternoon,Sitabuldi,Sitabuldi,21.14311,79.0894,Kidnapping,4,Low,4.37,0.95,FALSE,66,Medium,5,
NAG2025_0681,2025-08-31,16:46,Afternoon,Beltarodi,Beltarodi,21.07978,79.07756,Molestation,10,Medium,3.8,4.37,FALSE,37,Low,2,
NAG2025_0682,2025-06-17,08:14,Morning,Hingna,Hingna,21.07054,79.0289,Eve Teasing,5,High,4.77,0.53,TRUE,66,Medium,7,
NAG2025_0683,2025-07-29,05:45,Night,Wardha Road,Wardha Road,21.10495,79.0714,Domestic Violence,7,High,4.47,3.13,FALSE,62,Medium,29,
NAG2025_0684,2025-01-23,01:46,Night,Yashodhara Nagar,Yashodhara Nagar,21.18144,79.12989,Stalking,2,High,3.38,0.47,FALSE,71,High,4,
NAG2025_0685,2025-05-31,19:01,Evening,Hudkeshwar,Hudkeshwar,21.08767,79.12472,Molestation,4,Low,3.55,3.06,FALSE,84,High,1,
NAG2025_0686,2025-01-22,05:29,Night,Sadar,Sadar,21.15918,79.07404,Eve Teasing,4,High,1.81,1.68,FALSE,70,High,26,
NAG2025_0687,2025-02-22,18:59,Evening,Sadar,Sadar,21.16053,79.06893,Sexual Harassment,10,High,4.51,1.26,FALSE,34,Low,26,
NAG2025_0688,2025-05-23,23:30,Night,Hudkeshwar,Hudkeshwar,21.0939,79.12406,Eve Teasing,3,Medium,1.37,2.0,FALSE,83,High,1,
NAG2025_0689,2025-01-18,06:24,Morning,Hudkeshwar,Hudkeshwar,21.09345,79.13146,Stalking,10,Medium,2.2,0.29,FALSE,33,Low,1,
NAG2025_0690,2025-08-14,23:43,Night,Pardi,Pardi,21.14678,79.15742,Eve Teasing,1,Medium,0.34,4.27,FALSE,100,High,8,
NAG2025_0691,2025-05-26,03:09,Night,Mahal,Mahal,21.14235,79.11204,Stalking,3,High,1.71,2.49,FALSE,90,High,6,
NAG2025_0692,2025-03-22,03:37,Night,Hudkeshwar,Hudkeshwar,21.09065,79.12926,Kidnapping,9,High,2.3,3.63,TRUE,63,Medium,1,
NAG2025_0693,2025-09-07,20:06,Evening,Beltarodi,Beltarodi,21.07892,79.07464,Eve Teasing,4,High,4.86,1.94,TRUE,70,High,2,
NAG2025_0694,2025-03-03,14:25,Afternoon,Panchpaoli,Panchpaoli,21.15184,79.09662,Assault,5,Low,3.33,4.73,FALSE,67,Medium,24,
NAG2025_0695,2025-03-19,23:13,Night,Kalamna,Kalamna,21.15196,79.13877,Kidnapping,9,Low,4.72,3.3,FALSE,68,High,3,
NAG2025_0696,2025-10-03,11:31,Morning,Beltarodi,Beltarodi,21.07988,79.07426,Kidnapping,6,Medium,4.54,1.01,FALSE,48,Medium,2,
NAG2025_0697,2025-09-10,19:32,Evening,Panchpaoli,Panchpaoli,21.15414,79.09028,Assault,6,Low,4.44,3.73,FALSE,68,High,24,
NAG2025_0698,2025-03-28,18:47,Evening,Hingna,Hingna,21.0698,79.02307,Eve Teasing,1,Medium,4.19,1.44,FALSE,79,High,7,
NAG2025_0699,2025-11-11,15:50,Afternoon,Kalamna,Kalamna,21.15875,79.13826,Sexual Harassment,9,Medium,2.1,4.18,TRUE,71,High,3,
NAG2025_0700,2025-03-04,19:12,Evening,Jaripatka,Jaripatka,21.18317,79.09076,Eve Teasing,1,Medium,4.1,0.62,TRUE,99,High,17,
NAG2025_0701,2025-06-15,17:53,Evening,Mahalaxmi Nagar,Mahalaxmi Nagar,21.10164,79.12399,Molestation,5,Medium,3.11,2.44,FALSE,71,High,9,
NAG2025_0702,2025-11-04,16:12,Afternoon,MIHAN,MIHAN,21.05649,79.01976,Eve Teasing,9,High,0.92,2.12,FALSE,32,Low,21,
NAG2025_0703,2025-03-28,02:12,Night,Gittikhadan,Gittikhadan,21.17614,79.04805,Sexual Harassment,3,Medium,1.16,4.71,FALSE,89,High,15,
NAG2025_0704,2025-11-09,18:22,Evening,Manewada,Manewada,21.09525,79.11219,Stalking,5,High,5.0,3.23,FALSE,52,Medium,22,
NAG2025_0705,2025-06-25,04:28,Night,Hingna,Hingna,21.07357,79.02883,Sexual Harassment,9,High,4.74,1.07,FALSE,43,Medium,7,
NAG2025_0706,2025-06-04,11:09,Morning,Sadar,Sadar,21.16411,79.07357,Eve Teasing,7,High,2.54,1.27,FALSE,35,Low,26,
NAG2025_0707,2025-12-28,17:14,Evening,Telangkhedi,Telangkhedi,21.15463,79.0514,Sexual Harassment,7,High,0.62,0.57,TRUE,83,High,10,
NAG2025_0708,2025-04-25,19:06,Evening,MIHAN,MIHAN,21.05556,79.017,Sexual Harassment,10,High,1.2,0.56,FALSE,45,Medium,21,
NAG2025_0709,2025-04-04,10:43,Morning,Hudkeshwar,Hudkeshwar,21.08986,79.12768,Eve Teasing,3,Low,3.69,2.12,FALSE,76,High,1,
NAG2025_0710,2025-12-19,04:00,Night,Beltarodi,Beltarodi,21.07933,79.0794,Molestation,10,Low,1.99,1.18,FALSE,67,Medium,2,
NAG2025_0711,2025-06-24,14:09,Afternoon,Nandanvan,Nandanvan,21.14117,79.13042,Kidnapping,3,Medium,3.12,4.76,FALSE,72,High,23,
NAG2025_0712,2025-08-24,17:13,Evening,Sadar,Sadar,21.15921,79.0705,Sexual Harassment,4,Medium,3.4,2.71,FALSE,71,High,26,
NAG2025_0713,2025-01-12,22:35,Night,Dharampeth,Dharampeth,21.1379,79.06163,Stalking,10,Low,0.52,1.08,FALSE,79,High,13,
NAG2025_0714,2025-06-30,05:45,Night,Lakadganj,Lakadganj,21.15814,79.11504,Domestic Violence,1,Low,4.58,0.34,FALSE,100,High,19,
NAG2025_0715,2025-04-07,19:24,Evening,Pratap Nagar,Pratap Nagar,21.12015,79.05747,Assault,7,Medium,2.1,3.03,FALSE,70,High,25,
NAG2025_0716,2025-06-05,20:24,Evening,Lakadganj,Lakadganj,21.15906,79.12049,Sexual Harassment,10,Medium,3.82,4.42,FALSE,45,Medium,19,
NAG2025_0717,2025-01-17,03:40,Night,Kotwali,Kotwali,21.1423,79.1067,Domestic Violence,2,Low,3.83,4.08,FALSE,100,High,18,
NAG2025_0718,2025-10-30,00:57,Night,Pardi,Pardi,21.1492,79.16249,Assault,7,Medium,1.84,3.21,FALSE,76,High,8,
NAG2025_0719,2025-10-09,21:54,Night,Gittikhadan,Gittikhadan,21.17615,79.05049,Kidnapping,8,Low,0.2,3.58,FALSE,87,High,15,
NAG2025_0720,2025-04-05,22:39,Night,Yashodhara Nagar,Yashodhara Nagar,21.17888,79.12487,Domestic Violence,1,Low,1.74,1.21,FALSE,100,High,4,
NAG2025_0721,2025-07-25,12:16,Afternoon,Jaripatka,Jaripatka,21.17867,79.08544,Molestation,9,Medium,0.4,4.75,FALSE,61,Medium,17,
NAG2025_0722,2025-08-24,15:24,Afternoon,Sitabuldi,Sitabuldi,21.14372,79.08749,Molestation,8,High,4.35,1.28,FALSE,32,Low,5,
NAG2025_0723,2025-11-21,14:36,Afternoon,Kotwali,Kotwali,21.14533,79.1073,Stalking,7,Medium,0.28,2.98,FALSE,70,High,18,
NAG2025_0724,2025-07-24,21:43,Night,Wardha Road,Wardha Road,21.10292,79.066,Molestation,6,Low,1.35,3.23,FALSE,93,High,29,
NAG2025_0725,2025-10-28,02:42,Night,Beltarodi,Beltarodi,21.07457,79.07632,Stalking,7,High,3.31,0.32,TRUE,71,High,2,
NAG2025_0726,2025-07-24,19:11,Evening,Hudkeshwar,Hudkeshwar,21.08867,79.12801,Stalking,10,Low,3.46,4.68,TRUE,78,High,1,
NAG2025_0727,2025-08-13,05:18,Night,Hudkeshwar,Hudkeshwar,21.0953,79.1262,Assault,10,Medium,1.27,0.61,TRUE,89,High,1,
NAG2025_0728,2025-05-06,02:58,Night,Lakadganj,Lakadganj,21.14983,79.12091,Eve Teasing,10,Low,1.47,0.23,FALSE,65,Medium,19,
NAG2025_0729,2025-10-26,19:55,Evening,Sadar,Sadar,21.15939,79.07117,Sexual Harassment,7,High,1.12,3.77,FALSE,66,Medium,26,
NAG2025_0730,2025-04-16,23:26,Night,Yashodhara Nagar,Yashodhara Nagar,21.18549,79.12818,Kidnapping,7,Medium,3.64,2.64,TRUE,94,High,4,
NAG2025_0731,2025-08-05,14:44,Afternoon,Sadar,Sadar,21.16185,79.07842,Eve Teasing,8,Medium,4.22,2.94,FALSE,33,Low,26,
NAG2025_0732,2025-05-08,11:39,Morning,Yashodhara Nagar,Yashodhara Nagar,21.17888,79.12678,Assault,10,Medium,2.67,4.39,FALSE,35,Low,4,
NAG2025_0733,2025-08-29,00:38,Night,Yashodhara Nagar,Yashodhara Nagar,21.18119,79.12783,Sexual Harassment,3,High,3.4,3.38,TRUE,88,High,4,
NAG2025_0734,2025-05-14,03:35,Night,Mahalaxmi Nagar,Mahalaxmi Nagar,21.1033,79.11736,Sexual Harassment,7,Low,1.5,0.94,FALSE,92,High,9,
NAG2025_0735,2025-11-02,03:41,Night,Telangkhedi,Telangkhedi,21.15441,79.04587,Domestic Violence,1,Low,3.4,2.98,FALSE,100,High,10,
NAG2025_0736,2025-01-02,02:06,Night,Ajni,Ajni,21.12441,79.08434,Molestation,9,High,4.15,1.23,FALSE,41,Low,11,
NAG2025_0737,2025-09-18,08:03,Morning,Sitabuldi,Sitabuldi,21.14418,79.08688,Sexual Harassment,2,Medium,4.72,3.11,FALSE,63,Medium,5,
NAG2025_0738,2025-04-17,01:07,Night,Kalamna,Kalamna,21.15594,79.14305,Kidnapping,8,Medium,3.86,2.47,FALSE,70,High,3,
NAG2025_0739,2025-08-08,04:53,Night,Sitabuldi,Sitabuldi,21.14064,79.08603,Kidnapping,4,Low,0.42,0.92,TRUE,100,High,5,
NAG2025_0740,2025-08-07,13:18,Afternoon,Sadar,Sadar,21.16591,79.0737,Domestic Violence,3,High,0.67,1.8,FALSE,56,Medium,26,
NAG2025_0741,2025-11-16,06:14,Morning,Yashodhara Nagar,Yashodhara Nagar,21.1804,79.12184,Eve Teasing,5,Medium,3.04,2.25,FALSE,58,Medium,4,
NAG2025_0742,2025-03-13,14:53,Afternoon,Pratap Nagar,Pratap Nagar,21.11947,79.0607,Sexual Harassment,8,Medium,1.62,2.0,FALSE,59,Medium,25,
NAG2025_0743,2025-02-21,20:37,Evening,Seminary Hills,Seminary Hills,21.17078,79.05083,Eve Teasing,1,Low,2.2,3.91,FALSE,100,High,27,
NAG2025_0744,2025-11-11,18:38,Evening,Imamwada,Imamwada,21.12951,79.09405,Eve Teasing,7,Low,3.22,1.75,FALSE,67,Medium,16,
NAG2025_0745,2025-12-16,06:18,Morning,Manewada,Manewada,21.09937,79.10371,Kidnapping,6,Medium,3.68,0.91,FALSE,57,Medium,22,
NAG2025_0746,2025-06-28,22:51,Night,Wathoda,Wathoda,21.14092,79.1333,Stalking,10,Low,1.24,3.95,FALSE,71,High,30,
NAG2025_0747,2025-03-16,20:19,Evening,Beltarodi,Beltarodi,21.07297,79.07301,Molestation,1,High,4.73,3.45,FALSE,72,High,2,
NAG2025_0748,2025-12-23,02:18,Night,Besa,Besa,21.08823,79.09107,Kidnapping,1,Medium,4.89,3.84,FALSE,86,High,12,
NAG2025_0749,2025-05-15,18:42,Evening,Ganeshpeth,Ganeshpeth,21.14457,79.09695,Molestation,9,Medium,4.19,2.32,TRUE,65,Medium,14,
NAG2025_0750,2025-03-30,10:41,Morning,Hudkeshwar,Hudkeshwar,21.08747,79.12829,Sexual Harassment,1,Low,2.32,2.05,FALSE,98,High,1,
NAG2025_0751,2025-04-30,09:06,Morning,Nandanvan,Nandanvan,21.13733,79.12417,Domestic Violence,10,Medium,4.25,0.86,FALSE,37,Low,23,
NAG2025_0752,2025-09-19,17:59,Evening,Kalamna,Kalamna,21.15186,79.14277,Molestation,7,Medium,4.77,0.8,FALSE,57,Medium,3,
NAG2025_0753,2025-10-20,13:46,Afternoon,Mahal,Mahal,21.1453,79.10836,Molestation,9,Low,3.2,4.01,FALSE,58,Medium,6,
NAG2025_0754,2025-11-07,12:56,Afternoon,Manewada,Manewada,21.09672,79.10955,Stalking,5,Low,3.36,0.62,FALSE,68,High,22,
NAG2025_0755,2025-04-15,20:12,Evening,Kotwali,Kotwali,21.14341,79.11105,Molestation,8,Medium,2.08,3.99,FALSE,62,Medium,18,
NAG2025_0756,2025-02-04,19:43,Evening,Kalamna,Kalamna,21.15639,79.13934,Stalking,6,Medium,1.86,1.39,TRUE,89,High,3,
NAG2025_0757,2025-06-30,20:15,Evening,Hudkeshwar,Hudkeshwar,21.08775,79.13192,Molestation,7,High,2.42,4.55,FALSE,44,Medium,1,
NAG2025_0758,2025-08-11,16:09,Afternoon,Hudkeshwar,Hudkeshwar,21.0949,79.12387,Molestation,10,Medium,2.58,1.63,FALSE,43,Medium,1,
NAG2025_0759,2025-12-21,23:40,Night,Pratap Nagar,Pratap Nagar,21.11884,79.0534,Kidnapping,6,High,2.27,3.11,FALSE,61,Medium,25,
NAG2025_0760,2025-10-13,17:10,Evening,Kotwali,Kotwali,21.14737,79.11122,Domestic Violence,7,Low,1.98,4.74,FALSE,70,High,18,
NAG2025_0761,2025-05-18,01:18,Night,Yashodhara Nagar,Yashodhara Nagar,21.18056,79.12898,Eve Teasing,4,Low,0.57,4.2,FALSE,100,High,4,
NAG2025_0762,2025-11-04,15:02,Afternoon,Beltarodi,Beltarodi,21.07134,79.07326,Assault,6,Low,3.08,4.44,TRUE,78,High,2,
NAG2025_0763,2025-03-14,17:19,Evening,Mahalaxmi Nagar,Mahalaxmi Nagar,21.10007,79.12396,Molestation,10,Medium,4.14,4.02,TRUE,73,High,9,
NAG2025_0764,2025-12-29,16:55,Afternoon,Mahal,Mahal,21.14786,79.11352,Assault,2,Medium,3.83,4.03,FALSE,73,High,6,
NAG2025_0765,2025-01-20,15:38,Afternoon,Hudkeshwar,Hudkeshwar,21.08635,79.12578,Eve Teasing,4,High,1.35,3.49,TRUE,81,High,1,
NAG2025_0766,2025-03-12,10:06,Morning,Beltarodi,Beltarodi,21.0705,79.07227,Domestic Violence,2,Medium,1.89,2.07,TRUE,96,High,2,
NAG2025_0767,2025-12-06,13:12,Afternoon,MIHAN,MIHAN,21.05786,79.01682,Domestic Violence,8,Medium,4.26,4.86,FALSE,46,Medium,21,
NAG2025_0768,2025-08-17,02:54,Night,Sitabuldi,Sitabuldi,21.13949,79.08631,Assault,8,High,0.94,4.48,FALSE,53,Medium,5,
NAG2025_0769,2025-03-10,12:12,Afternoon,Kalamna,Kalamna,21.15716,79.14029,Assault,5,Medium,4.0,3.0,FALSE,54,Medium,3,
NAG2025_0770,2025-11-27,13:57,Afternoon,Hudkeshwar,Hudkeshwar,21.09191,79.12466,Domestic Violence,6,Low,1.43,4.0,TRUE,93,High,1,
NAG2025_0771,2025-01-01,11:25,Morning,Pardi,Pardi,21.14712,79.15814,Molestation,7,Medium,0.74,3.46,FALSE,65,Medium,8,
NAG2025_0772,2025-08-19,18:50,Evening,Nandanvan,Nandanvan,21.14074,79.1247,Eve Teasing,3,High,0.34,0.96,FALSE,70,High,23,
NAG2025_0773,2025-02-22,12:58,Afternoon,Yashodhara Nagar,Yashodhara Nagar,21.1807,79.1224,Eve Teasing,7,Low,2.45,4.68,FALSE,68,High,4,
NAG2025_0774,2025-06-07,14:21,Afternoon,Sitabuldi,Sitabuldi,21.14671,79.0852,Eve Teasing,8,Medium,1.05,1.15,TRUE,81,High,5,
NAG2025_0775,2025-04-29,08:54,Morning,Besa,Besa,21.08916,79.09223,Stalking,9,Low,0.59,1.04,FALSE,71,High,12,
NAG2025_0776,2025-10-25,10:55,Morning,Sitabuldi,Sitabuldi,21.14799,79.08712,Kidnapping,5,Medium,1.03,4.21,FALSE,60,Medium,5,
NAG2025_0777,2025-12-22,16:27,Afternoon,Sitabuldi,Sitabuldi,21.14059,79.08576,Eve Teasing,4,Medium,2.96,3.44,TRUE,83,High,5,
NAG2025_0778,2025-12-01,13:48,Afternoon,Mahal,Mahal,21.14458,79.11494,Sexual Harassment,10,High,4.47,1.65,FALSE,17,Low,6,
NAG2025_0779,2025-09-18,18:06,Evening,Pratap Nagar,Pratap Nagar,21.11596,79.05195,Molestation,2,Low,4.49,2.31,FALSE,85,High,25,
NAG2025_0780,2025-02-22,19:07,Evening,Hudkeshwar,Hudkeshwar,21.08816,79.13134,Domestic Violence,1,Medium,3.25,3.51,FALSE,94,High,1,
NAG2025_0781,2025-10-26,10:59,Morning,Hudkeshwar,Hudkeshwar,21.08888,79.12717,Eve Teasing,4,Low,1.6,4.02,TRUE,95,High,1,
NAG2025_0782,2025-01-06,01:19,Night,Mahal,Mahal,21.14482,79.11477,Domestic Violence,7,Low,3.49,3.26,TRUE,89,High,6,
NAG2025_0783,2025-09-06,02:20,Night,Kotwali,Kotwali,21.14401,79.10617,Molestation,4,Medium,3.88,3.53,FALSE,74,High,18,
NAG2025_0784,2025-12-28,17:28,Evening,Lakadganj,Lakadganj,21.15229,79.11546,Molestation,7,High,4.01,2.51,FALSE,45,Medium,19,
NAG2025_0785,2025-11-19,10:10,Morning,Hingna,Hingna,21.06866,79.02136,Molestation,1,Medium,3.15,3.69,TRUE,98,High,7,
NAG2025_0786,2025-12-08,10:25,Morning,Telangkhedi,Telangkhedi,21.15917,79.04516,Stalking,2,High,0.94,2.52,FALSE,70,High,10,
NAG2025_0787,2025-08-18,19:54,Evening,Hudkeshwar,Hudkeshwar,21.0916,79.12573,Molestation,10,Medium,2.54,4.33,TRUE,60,Medium,1,
NAG2025_0788,2025-08-06,08:50,Morning,Beltarodi,Beltarodi,21.0713,79.0811,Molestation,3,Medium,0.37,0.38,FALSE,80,High,2,
NAG2025_0789,2025-01-04,14:29,Afternoon,Telangkhedi,Telangkhedi,21.1613,79.0529,Molestation,8,Medium,4.78,0.22,FALSE,46,Medium,10,
NAG2025_0790,2025-03-26,02:00,Night,Ajni,Ajni,21.12576,79.0796,Stalking,8,High,0.89,0.8,FALSE,66,Medium,11,
NAG2025_0791,2025-03-12,05:19,Night,Lashkaribagh,Lashkaribagh,21.16151,79.09933,Assault,10,Low,4.42,0.21,FALSE,58,Medium,20,
NAG2025_0792,2025-07-04,23:44,Night,Jaripatka,Jaripatka,21.18188,79.0875,Stalking,2,Medium,4.56,1.26,FALSE,88,High,17,
NAG2025_0793,2025-01-21,04:36,Night,Kotwali,Kotwali,21.14306,79.11172,Molestation,10,Medium,2.78,1.21,FALSE,50,Medium,18,
NAG2025_0794,2025-05-19,08:11,Morning,MIHAN,MIHAN,21.06098,79.01526,Assault,4,High,2.48,2.35,FALSE,54,Medium,21,
NAG2025_0795,2025-03-12,14:06,Afternoon,Dharampeth,Dharampeth,21.1424,79.0616,Kidnapping,6,Medium,2.47,4.6,TRUE,71,High,13,
NAG2025_0796,2025-12-22,14:35,Afternoon,Seminary Hills,Seminary Hills,21.16406,79.0543,Eve Teasing,9,Medium,1.84,0.98,FALSE,46,Medium,27,
NAG2025_0797,2025-08-21,20:04,Evening,Beltarodi,Beltarodi,21.07214,79.07728,Eve Teasing,4,Medium,2.19,4.4,TRUE,92,High,2,
NAG2025_0798,2025-03-26,17:57,Evening,Beltarodi,Beltarodi,21.07531,79.07245,Molestation,3,High,3.81,4.81,FALSE,71,High,2,
NAG2025_0799,2025-05-14,13:40,Afternoon,Hudkeshwar,Hudkeshwar,21.0874,79.12691,Molestation,6,High,3.28,0.81,FALSE,50,Medium,1,
NAG2025_0800,2025-08-08,19:01,Evening,Pardi,Pardi,21.14082,79.1583,Eve Teasing,6,Low,1.47,1.34,FALSE,75,High,8,
NAG2025_0801,2025-05-16,11:59,Morning,Sitabuldi,Sitabuldi,21.13932,79.08621,Domestic Violence,10,Medium,3.28,2.59,FALSE,32,Low,5,
NAG2025_0802,2025-11-13,17:51,Evening,Beltarodi,Beltarodi,21.07987,79.07345,Stalking,10,High,1.85,2.04,FALSE,46,Medium,2,
NAG2025_0803,2025-04-04,14:36,Afternoon,Sadar,Sadar,21.16328,79.07481,Assault,2,High,0.91,1.47,FALSE,78,High,26,
NAG2025_0804,2025-08-13,12:47,Afternoon,Mahal,Mahal,21.14778,79.11037,Stalking,2,Medium,4.63,4.72,FALSE,72,High,6,
NAG2025_0805,2025-03-13,13:36,Afternoon,Hudkeshwar,Hudkeshwar,21.08769,79.12428,Eve Teasing,6,Medium,4.37,2.99,TRUE,68,High,1,
NAG2025_0806,2025-07-25,03:40,Night,Kotwali,Kotwali,21.14701,79.10473,Domestic Violence,9,Medium,3.59,2.33,FALSE,63,Medium,18,
NAG2025_0807,2025-04-30,19:11,Evening,Wathoda,Wathoda,21.13748,79.13589,Molestation,2,High,3.09,1.78,TRUE,99,High,30,
NAG2025_0808,2025-02-16,05:55,Night,Hingna,Hingna,21.06747,79.02492,Domestic Violence,7,High,4.37,0.6,FALSE,50,Medium,7,
NAG2025_0809,2025-06-22,14:14,Afternoon,Beltarodi,Beltarodi,21.0745,79.0775,Kidnapping,1,Low,2.57,3.1,FALSE,84,High,2,
NAG2025_0810,2025-06-18,13:41,Afternoon,Imamwada,Imamwada,21.13826,79.0946,Molestation,7,Medium,1.85,1.98,FALSE,56,Medium,16,
NAG2025_0811,2025-10-31,04:21,Night,Jaripatka,Jaripatka,21.17894,79.0905,Assault,2,Low,4.32,2.84,FALSE,93,High,17,
NAG2025_0812,2025-08-31,21:37,Night,Kalamna,Kalamna,21.15798,79.1399,Kidnapping,10,Medium,3.53,4.69,FALSE,62,Medium,3,
NAG2025_0813,2025-03-24,23:54,Night,Lakadganj,Lakadganj,21.15836,79.11403,Kidnapping,4,Low,4.06,4.03,TRUE,100,High,19,
NAG2025_0814,2025-02-26,02:36,Night,Hingna,Hingna,21.07089,79.02461,Sexual Harassment,2,Medium,4.46,2.85,TRUE,100,High,7,
NAG2025_0815,2025-07-14,17:25,Evening,Telangkhedi,Telangkhedi,21.15524,79.0461,Sexual Harassment,6,High,2.75,0.36,FALSE,49,Medium,10,
NAG2025_0816,2025-06-26,17:46,Evening,Kalamna,Kalamna,21.15197,79.14077,Sexual Harassment,7,Low,1.78,1.98,TRUE,97,High,3,
NAG2025_0817,2025-05-31,03:42,Night,Kotwali,Kotwali,21.14331,79.10883,Eve Teasing,7,Medium,3.64,1.18,FALSE,64,Medium,18,
NAG2025_0818,2025-03-24,08:52,Morning,Imamwada,Imamwada,21.13116,79.09356,Eve Teasing,2,Medium,4.94,4.91,FALSE,65,Medium,16,
NAG2025_0819,2025-04-24,18:11,Evening,Kalamna,Kalamna,21.15885,79.13828,Domestic Violence,10,Medium,4.19,2.39,FALSE,39,Low,3,
NAG2025_0820,2025-01-27,14:39,Afternoon,Kalamna,Kalamna,21.1551,79.14626,Molestation,2,Medium,0.47,1.03,FALSE,87,High,3,
NAG2025_0821,2025-11-09,19:00,Evening,Telangkhedi,Telangkhedi,21.15951,79.05342,Eve Teasing,1,Medium,1.49,2.61,TRUE,100,High,10,
NAG2025_0822,2025-10-04,18:22,Evening,Wathoda,Wathoda,21.13665,79.13229,Domestic Violence,5,High,3.43,0.4,FALSE,50,Medium,30,
NAG2025_0823,2025-11-27,19:27,Evening,Dharampeth,Dharampeth,21.14342,79.06674,Molestation,2,Medium,2.07,4.13,FALSE,77,High,13,
NAG2025_0824,2025-05-23,09:21,Morning,Hingna,Hingna,21.06764,79.02951,Kidnapping,4,Low,3.6,1.79,FALSE,68,High,7,
NAG2025_0825,2025-04-14,15:29,Afternoon,Hingna,Hingna,21.0716,79.02467,Domestic Violence,8,Medium,3.81,3.05,FALSE,51,Medium,7,
NAG2025_0826,2025-04-17,01:59,Night,Besa,Besa,21.0866,79.08693,Stalking,8,Medium,2.77,2.39,FALSE,59,Medium,12,
NAG2025_0827,2025-07-21,08:58,Morning,Yashodhara Nagar,Yashodhara Nagar,21.17858,79.12157,Domestic Violence,2,Low,2.88,3.13,TRUE,94,High,4,
NAG2025_0828,2025-09-05,17:17,Evening,Panchpaoli,Panchpaoli,21.15241,79.09187,Eve Teasing,5,High,3.52,2.55,TRUE,82,High,24,
NAG2025_0829,2025-07-13,02:01,Night,Hudkeshwar,Hudkeshwar,21.0876,79.12785,Eve Teasing,7,Low,2.1,2.2,FALSE,75,High,1,
NAG2025_0830,2025-11-25,11:00,Morning,Kotwali,Kotwali,21.14824,79.11024,Stalking,7,Low,2.84,0.92,FALSE,67,Medium,18,
NAG2025_0831,2025-09-03,17:35,Evening,Jaripatka,Jaripatka,21.18401,79.08626,Sexual Harassment,3,Medium,1.54,3.73,FALSE,74,High,17,
NAG2025_0832,2025-02-10,17:34,Evening,Mahal,Mahal,21.13929,79.11549,Eve Teasing,4,Medium,0.43,4.82,FALSE,80,High,6,
NAG2025_0833,2025-12-11,09:27,Morning,Hudkeshwar,Hudkeshwar,21.09501,79.12819,Domestic Violence,7,Low,1.35,2.14,TRUE,97,High,1,
NAG2025_0834,2025-09-12,09:25,Morning,Wathoda,Wathoda,21.13912,79.13252,Stalking,9,Low,0.34,0.22,FALSE,68,High,30,
NAG2025_0835,2025-06-11,08:26,Morning,Hingna,Hingna,21.06654,79.02947,Molestation,6,Low,1.72,1.51,FALSE,65,Medium,7,
NAG2025_0836,2025-12-17,04:06,Night,Imamwada,Imamwada,21.13841,79.09335,Sexual Harassment,9,Medium,4.07,0.46,FALSE,63,Medium,16,
NAG2025_0837,2025-12-01,14:27,Afternoon,Gittikhadan,Gittikhadan,21.17226,79.05252,Molestation,10,Medium,1.26,3.39,FALSE,34,Low,15,
NAG2025_0838,2025-12-02,17:45,Evening,Ajni,Ajni,21.12452,79.08564,Domestic Violence,6,High,3.03,0.78,FALSE,48,Medium,11,
NAG2025_0839,2025-05-13,18:20,Evening,Ganeshpeth,Ganeshpeth,21.14341,79.09593,Domestic Violence,2,Medium,0.66,1.29,FALSE,95,High,14,
NAG2025_0840,2025-05-07,22:38,Night,Mahalaxmi Nagar,Mahalaxmi Nagar,21.10008,79.11973,Molestation,6,High,2.9,2.48,FALSE,68,High,9,
NAG2025_0841,2025-08-07,11:05,Morning,Gittikhadan,Gittikhadan,21.16716,79.05434,Assault,1,Low,3.7,3.97,FALSE,79,High,15,
NAG2025_0842,2025-01-08,01:15,Night,Yashodhara Nagar,Yashodhara Nagar,21.17951,79.12164,Eve Teasing,4,Low,3.08,4.13,FALSE,89,High,4,
NAG2025_0843,2025-10-19,13:48,Afternoon,Nandanvan,Nandanvan,21.13459,79.13261,Eve Teasing,6,Medium,1.96,2.77,TRUE,68,High,23,
NAG2025_0844,2025-12-23,17:19,Evening,Besa,Besa,21.08477,79.08984,Sexual Harassment,5,Low,3.4,0.36,FALSE,72,High,12,
NAG2025_0845,2025-12-06,20:22,Evening,Yashodhara Nagar,Yashodhara Nagar,21.18179,79.12607,Eve Teasing,10,High,1.08,2.64,FALSE,51,Medium,4,
NAG2025_0846,2025-11-02,01:09,Night,Hudkeshwar,Hudkeshwar,21.08644,79.12732,Assault,2,High,3.8,1.37,TRUE,92,High,1,
NAG2025_0847,2025-06-12,09:04,Morning,Ganeshpeth,Ganeshpeth,21.1411,79.09366,Kidnapping,3,Low,1.99,1.67,FALSE,75,High,14,
NAG2025_0848,2025-11-07,02:24,Night,Mahal,Mahal,21.14227,79.10949,Sexual Harassment,4,High,0.89,2.96,FALSE,79,High,6,
NAG2025_0849,2025-09-09,11:25,Morning,Yashodhara Nagar,Yashodhara Nagar,21.18077,79.12684,Eve Teasing,5,Low,0.38,0.37,FALSE,81,High,4,
NAG2025_0850,2025-07-11,22:07,Night,Besa,Besa,21.08669,79.09044,Stalking,9,High,4.15,4.28,FALSE,51,Medium,12,
NAG2025_0851,2025-09-18,08:19,Morning,Yashodhara Nagar,Yashodhara Nagar,21.17723,79.12964,Stalking,9,Medium,2.91,3.08,FALSE,44,Medium,4,
NAG2025_0852,2025-05-13,20:46,Evening,Hingna,Hingna,21.07413,79.0275,Sexual Harassment,3,Low,2.0,2.93,TRUE,100,High,7,
NAG2025_0853,2025-07-12,15:19,Afternoon,Dharampeth,Dharampeth,21.13559,79.06242,Domestic Violence,3,High,0.42,2.45,FALSE,62,Medium,13,
NAG2025_0854,2025-11-10,02:48,Night,Mahalaxmi Nagar,Mahalaxmi Nagar,21.10148,79.11741,Eve Teasing,10,High,3.22,3.0,FALSE,44,Medium,9,
NAG2025_0855,2025-11-20,20:35,Evening,Telangkhedi,Telangkhedi,21.15736,79.04567,Stalking,2,High,2.75,1.07,FALSE,63,Medium,10,
NAG2025_0856,2025-08-30,03:50,Night,Hudkeshwar,Hudkeshwar,21.08674,79.13182,Assault,10,High,1.49,3.31,TRUE,63,Medium,1,
NAG2025_0857,2025-08-22,02:32,Night,Mahalaxmi Nagar,Mahalaxmi Nagar,21.09545,79.12525,Eve Teasing,8,Medium,0.86,4.2,FALSE,74,High,9,
NAG2025_0858,2025-04-27,17:50,Evening,Nandanvan,Nandanvan,21.1375,79.12385,Molestation,2,Low,0.35,1.86,FALSE,100,High,23,
NAG2025_0859,2025-01-17,15:19,Afternoon,Beltarodi,Beltarodi,21.07066,79.08138,Molestation,5,Low,3.59,2.85,TRUE,86,High,2,
NAG2025_0860,2025-12-19,16:58,Afternoon,Lashkaribagh,Lashkaribagh,21.16395,79.10172,Sexual Harassment,10,Medium,0.56,2.59,FALSE,40,Low,20,
NAG2025_0861,2025-12-01,03:25,Night,Sadar,Sadar,21.16391,79.06926,Sexual Harassment,1,Medium,0.22,0.87,TRUE,100,High,26,
NAG2025_0862,2025-03-10,18:13,Evening,Jaripatka,Jaripatka,21.17869,79.08601,Molestation,5,Low,1.03,2.46,FALSE,90,High,17,
NAG2025_0863,2025-12-20,12:40,Afternoon,Mahalaxmi Nagar,Mahalaxmi Nagar,21.10155,79.11894,Eve Teasing,6,Low,4.76,4.78,FALSE,54,Medium,9,
NAG2025_0864,2025-11-16,06:46,Morning,Lakadganj,Lakadganj,21.15434,79.11362,Eve Teasing,10,High,2.53,3.49,FALSE,24,Low,19,
NAG2025_0865,2025-06-27,07:56,Morning,Panchpaoli,Panchpaoli,21.14849,79.09048,Assault,7,Medium,2.93,4.78,FALSE,44,Medium,24,
NAG2025_0866,2025-02-07,14:49,Afternoon,Jaripatka,Jaripatka,21.18689,79.08993,Eve Teasing,5,Medium,1.23,3.64,FALSE,67,Medium,17,
NAG2025_0867,2025-04-04,08:10,Morning,Manewada,Manewada,21.09586,79.10847,Domestic Violence,3,High,1.45,2.17,FALSE,56,Medium,22,
NAG2025_0868,2025-04-08,02:18,Night,Lashkaribagh,Lashkaribagh,21.16063,79.10041,Molestation,2,High,2.33,1.78,FALSE,80,High,20,
NAG2025_0869,2025-05-30,09:11,Morning,Pardi,Pardi,21.14933,79.16295,Molestation,8,Low,4.88,0.48,FALSE,64,Medium,8,
NAG2025_0870,2025-06-26,12:29,Afternoon,MIHAN,MIHAN,21.0608,79.02037,Domestic Violence,6,Medium,3.44,3.67,FALSE,60,Medium,21,
NAG2025_0871,2025-11-05,21:26,Night,Hingna,Hingna,21.07095,79.02479,Eve Teasing,10,High,3.82,1.36,FALSE,48,Medium,7,
NAG2025_0872,2025-08-27,09:24,Morning,Sitabuldi,Sitabuldi,21.14128,79.09097,Eve Teasing,1,Low,1.57,1.44,FALSE,92,High,5,
NAG2025_0873,2025-05-11,07:18,Morning,Telangkhedi,Telangkhedi,21.16244,79.05404,Domestic Violence,7,Low,3.69,4.42,FALSE,66,Medium,10,
NAG2025_0874,2025-08-02,00:07,Night,Mahalaxmi Nagar,Mahalaxmi Nagar,21.10308,79.12464,Sexual Harassment,2,Low,3.44,0.78,TRUE,100,High,9,
NAG2025_0875,2025-12-07,17:28,Evening,Sitabuldi,Sitabuldi,21.1401,79.08531,Stalking,1,Medium,0.59,3.62,FALSE,100,High,5,
NAG2025_0876,2025-08-21,17:15,Evening,Dharampeth,Dharampeth,21.13833,79.05885,Molestation,7,High,3.12,1.87,FALSE,49,Medium,13,
NAG2025_0877,2025-11-29,21:54,Night,Gittikhadan,Gittikhadan,21.17356,79.05211,Molestation,4,Low,2.56,3.6,FALSE,86,High,15,
NAG2025_0878,2025-03-30,20:02,Evening,Gittikhadan,Gittikhadan,21.1682,79.05446,Kidnapping,2,Medium,1.73,0.76,FALSE,81,High,15,
NAG2025_0879,2025-08-10,05:31,Night,Jaripatka,Jaripatka,21.17789,79.08452,Eve Teasing,8,Low,3.39,4.66,FALSE,81,High,17,
NAG2025_0880,2025-07-11,16:39,Afternoon,Jaripatka,Jaripatka,21.18216,79.0812,Eve Teasing,3,Low,4.56,4.36,FALSE,83,High,17,
NAG2025_0881,2025-03-29,22:59,Night,Manewada,Manewada,21.10038,79.10678,Stalking,9,Medium,0.3,1.62,FALSE,68,High,22,
NAG2025_0882,2025-10-12,15:30,Afternoon,Lakadganj,Lakadganj,21.14956,79.1147,Eve Teasing,1,High,3.53,3.6,FALSE,70,High,19,
NAG2025_0883,2025-04-01,03:07,Night,Nandanvan,Nandanvan,21.13459,79.12839,Stalking,6,High,3.37,3.03,FALSE,58,Medium,23,
NAG2025_0884,2025-04-05,13:45,Afternoon,Mahalaxmi Nagar,Mahalaxmi Nagar,21.10428,79.12361,Molestation,4,High,4.98,4.99,TRUE,63,Medium,9,
NAG2025_0885,2025-08-13,07:36,Morning,Kalamna,Kalamna,21.15428,79.14352,Eve Teasing,1,Low,3.05,0.5,FALSE,89,High,3,
NAG2025_0886,2025-05-14,18:50,Evening,Mahalaxmi Nagar,Mahalaxmi Nagar,21.10449,79.12448,Molestation,10,High,0.32,1.33,FALSE,42,Medium,9,
NAG2025_0887,2025-10-20,15:53,Afternoon,Sitabuldi,Sitabuldi,21.14791,79.08827,Domestic Violence,5,High,2.93,3.47,TRUE,57,Medium,5,
NAG2025_0888,2025-10-06,03:44,Night,Beltarodi,Beltarodi,21.07517,79.08064,Sexual Harassment,10,Medium,2.28,3.58,FALSE,48,Medium,2,
NAG2025_0889,2025-01-02,12:43,Afternoon,Seminary Hills,Seminary Hills,21.16329,79.05768,Molestation,1,Low,1.52,1.9,FALSE,89,High,27,
NAG2025_0890,2025-12-30,00:17,Night,Manewada,Manewada,21.09621,79.1073,Assault,6,High,4.73,3.76,FALSE,53,Medium,22,
NAG2025_0891,2025-03-21,03:52,Night,Wathoda,Wathoda,21.14073,79.13892,Molestation,3,Medium,3.26,0.97,FALSE,83,High,30,
NAG2025_0892,2025-02-13,19:56,Evening,Nandanvan,Nandanvan,21.14334,79.12976,Eve Teasing,7,Low,2.7,2.36,FALSE,64,Medium,23,
NAG2025_0893,2025-01-19,08:49,Morning,Sadar,Sadar,21.16152,79.0742,Eve Teasing,8,High,3.31,3.07,FALSE,30,Low,26,
NAG2025_0894,2025-08-11,07:03,Morning,Yashodhara Nagar,Yashodhara Nagar,21.18078,79.12331,Assault,2,Medium,2.36,1.13,FALSE,72,High,4,
NAG2025_0895,2025-12-01,19:05,Evening,Kalamna,Kalamna,21.15666,79.13795,Stalking,5,High,2.59,1.6,FALSE,66,Medium,3,
NAG2025_0896,2025-01-30,23:29,Night,Imamwada,Imamwada,21.13794,79.09399,Assault,6,Medium,2.13,1.18,TRUE,93,High,16,
NAG2025_0897,2025-01-07,17:40,Evening,Pardi,Pardi,21.14663,79.15621,Eve Teasing,9,Low,0.21,0.94,FALSE,70,High,8,
NAG2025_0898,2025-08-11,04:54,Night,Panchpaoli,Panchpaoli,21.15299,79.09799,Sexual Harassment,3,Medium,4.85,0.68,FALSE,86,High,24,
NAG2025_0899,2025-07-18,22:24,Night,Hingna,Hingna,21.07531,79.02158,Stalking,1,High,3.22,0.75,FALSE,82,High,7,
NAG2025_0900,2025-07-11,21:45,Night,Sitabuldi,Sitabuldi,21.14585,79.08744,Domestic Violence,9,Medium,2.65,1.4,FALSE,55,Medium,5,
NAG2025_0901,2025-05-31,08:34,Morning,Kotwali,Kotwali,21.1425,79.10319,Stalking,10,Low,2.08,2.98,TRUE,63,Medium,18,
NAG2025_0902,2025-12-06,19:53,Evening,Nandanvan,Nandanvan,21.13404,79.13262,Eve Teasing,2,High,2.49,4.86,FALSE,63,Medium,23,
NAG2025_0903,2025-07-11,20:28,Evening,Mahal,Mahal,21.14333,79.11597,Eve Teasing,6,High,1.51,1.29,FALSE,67,Medium,6,
NAG2025_0904,2025-06-14,18:44,Evening,Hudkeshwar,Hudkeshwar,21.0924,79.12763,Eve Teasing,2,Low,3.3,2.5,TRUE,100,High,1,
NAG2025_0905,2025-05-16,19:35,Evening,Hudkeshwar,Hudkeshwar,21.09272,79.13036,Domestic Violence,7,Medium,3.96,1.44,FALSE,67,Medium,1,
NAG2025_0906,2025-07-21,12:46,Afternoon,Beltarodi,Beltarodi,21.07829,79.08077,Assault,9,Low,0.57,1.26,TRUE,91,High,2,
NAG2025_0907,2025-11-07,18:53,Evening,Manewada,Manewada,21.09955,79.1056,Domestic Violence,2,Medium,3.04,4.72,FALSE,77,High,22,
NAG2025_0908,2025-02-07,19:09,Evening,Ajni,Ajni,21.13147,79.07932,Stalking,10,Medium,4.23,0.79,FALSE,43,Medium,11,
NAG2025_0909,2025-02-26,23:42,Night,Mahalaxmi Nagar,Mahalaxmi Nagar,21.1044,79.12086,Stalking,4,Medium,1.33,4.31,FALSE,93,High,9,
NAG2025_0910,2025-04-14,15:30,Afternoon,Sitabuldi,Sitabuldi,21.14598,79.0834,Domestic Violence,6,High,4.58,2.18,FALSE,45,Medium,5,
NAG2025_0911,2025-05-07,23:32,Night,Kotwali,Kotwali,21.14832,79.11061,Assault,7,Low,0.67,3.53,FALSE,85,High,18,
NAG2025_0912,2025-11-19,16:10,Afternoon,Imamwada,Imamwada,21.13665,79.08848,Domestic Violence,10,High,1.98,3.77,FALSE,24,Low,16,
NAG2025_0913,2025-06-11,13:42,Afternoon,Lakadganj,Lakadganj,21.15376,79.11605,Domestic Violence,4,Medium,3.51,1.21,FALSE,61,Medium,19,
NAG2025_0914,2025-01-08,12:09,Afternoon,Manewada,Manewada,21.09175,79.10863,Eve Teasing,5,Medium,3.6,2.58,FALSE,58,Medium,22,
NAG2025_0915,2025-05-27,17:10,Evening,Pardi,Pardi,21.14342,79.15957,Eve Teasing,2,Medium,0.61,2.1,FALSE,98,High,8,
NAG2025_0916,2025-04-02,02:12,Night,Yashodhara Nagar,Yashodhara Nagar,21.18166,79.12416,Domestic Violence,10,Low,0.99,4.29,FALSE,73,High,4,
NAG2025_0917,2025-08-08,01:27,Night,Sitabuldi,Sitabuldi,21.14693,79.08612,Stalking,3,High,4.18,1.19,FALSE,64,Medium,5,
NAG2025_0918,2025-08-23,08:55,Morning,Hudkeshwar,Hudkeshwar,21.09547,79.12931,Sexual Harassment,7,Medium,1.78,4.47,FALSE,49,Medium,1,
NAG2025_0919,2025-07-31,22:29,Night,Jaripatka,Jaripatka,21.18075,79.0828,Domestic Violence,6,Medium,3.23,1.54,FALSE,67,Medium,17,
NAG2025_0920,2025-08-29,22:30,Night,Gittikhadan,Gittikhadan,21.17477,79.04857,Assault,10,High,2.21,1.27,FALSE,40,Low,15,
NAG2025_0921,2025-07-08,12:02,Afternoon,Kalamna,Kalamna,21.1559,79.14541,Eve Teasing,10,Low,2.16,1.77,TRUE,65,Medium,3,
NAG2025_0922,2025-09-21,18:52,Evening,Beltarodi,Beltarodi,21.07776,79.07633,Sexual Harassment,9,Low,3.39,1.44,TRUE,74,High,2,
NAG2025_0923,2025-08-07,03:09,Night,Jaripatka,Jaripatka,21.17983,79.08291,Eve Teasing,8,High,0.78,0.75,FALSE,55,Medium,17,
NAG2025_0924,2025-09-30,04:25,Night,Yashodhara Nagar,Yashodhara Nagar,21.18116,79.1253,Assault,1,Low,4.48,2.02,FALSE,100,High,4,
NAG2025_0925,2025-01-14,17:34,Evening,Wardha Road,Wardha Road,21.10441,79.06401,Stalking,9,High,2.83,2.52,FALSE,31,Low,29,
NAG2025_0926,2025-02-06,04:59,Night,Mahal,Mahal,21.13833,79.11485,Assault,10,Low,2.09,3.61,TRUE,98,High,6,
NAG2025_0927,2025-05-03,13:09,Afternoon,Imamwada,Imamwada,21.13039,79.09176,Sexual Harassment,3,Medium,4.69,2.8,FALSE,66,Medium,16,
NAG2025_0928,2025-02-21,08:00,Morning,Beltarodi,Beltarodi,21.07176,79.07319,Domestic Violence,9,Low,4.78,4.8,TRUE,65,Medium,2,
NAG2025_0929,2025-04-09,18:24,Evening,Manewada,Manewada,21.09489,79.1127,Domestic Violence,8,Medium,1.22,3.44,FALSE,61,Medium,22,
NAG2025_0930,2025-11-21,05:12,Night,Sitabuldi,Sitabuldi,21.14741,79.0899,Stalking,7,Medium,4.49,0.92,FALSE,64,Medium,5,
NAG2025_0931,2025-03-18,00:07,Night,Hudkeshwar,Hudkeshwar,21.08606,79.12284,Molestation,2,Medium,2.24,3.64,FALSE,91,High,1,
NAG2025_0932,2025-12-01,10:47,Morning,Kalamna,Kalamna,21.15755,79.14072,Molestation,3,High,2.06,3.3,FALSE,52,Medium,3,
NAG2025_0933,2025-04-09,09:16,Morning,Trimurti Nagar,Trimurti Nagar,21.11051,79.03184,Stalking,10,Medium,2.43,0.82,TRUE,53,Medium,28,
NAG2025_0934,2025-06-25,23:16,Night,Gittikhadan,Gittikhadan,21.1669,79.04821,Domestic Violence,7,Low,4.72,1.86,FALSE,81,High,15,
NAG2025_0935,2025-09-03,21:14,Night,Beltarodi,Beltarodi,21.07241,79.07951,Molestation,10,Low,0.29,1.79,TRUE,100,High,2,
NAG2025_0936,2025-04-04,20:57,Evening,Mahal,Mahal,21.14302,79.11436,Assault,6,Medium,3.09,4.44,FALSE,57,Medium,6,
NAG2025_0937,2025-10-25,13:35,Afternoon,Nandanvan,Nandanvan,21.14208,79.13199,Sexual Harassment,2,Medium,2.02,1.21,FALSE,74,High,23,
NAG2025_0938,2025-07-30,14:08,Afternoon,Pratap Nagar,Pratap Nagar,21.11497,79.05627,Domestic Violence,5,Low,2.81,1.32,FALSE,71,High,25,
NAG2025_0939,2025-01-30,14:45,Afternoon,Beltarodi,Beltarodi,21.07262,79.07585,Molestation,9,Low,1.54,3.31,FALSE,52,Medium,2,
NAG2025_0940,2025-02-19,09:12,Morning,Beltarodi,Beltarodi,21.07984,79.07436,Kidnapping,10,Medium,2.57,4.09,FALSE,42,Medium,2,
NAG2025_0941,2025-02-17,08:58,Morning,Kalamna,Kalamna,21.15884,79.1408,Sexual Harassment,2,High,3.72,4.31,FALSE,56,Medium,3,
NAG2025_0942,2025-11-04,13:36,Afternoon,Yashodhara Nagar,Yashodhara Nagar,21.18393,79.12107,Domestic Violence,9,Low,1.28,4.25,FALSE,64,Medium,4,
NAG2025_0943,2025-01-01,06:45,Morning,Beltarodi,Beltarodi,21.07082,79.07284,Stalking,7,High,1.92,4.79,FALSE,38,Low,2,
NAG2025_0944,2025-12-14,01:37,Night,Mahal,Mahal,21.14646,79.11009,Assault,2,Medium,3.27,4.59,TRUE,100,High,6,
NAG2025_0945,2025-05-23,04:29,Night,Pratap Nagar,Pratap Nagar,21.11812,79.05861,Molestation,4,High,1.53,2.27,TRUE,100,High,25,
NAG2025_0946,2025-10-18,12:34,Afternoon,Jaripatka,Jaripatka,21.18554,79.08687,Molestation,4,Low,4.69,0.95,FALSE,63,Medium,17,
NAG2025_0947,2025-07-13,15:31,Afternoon,Ganeshpeth,Ganeshpeth,21.1409,79.09578,Eve Teasing,2,High,4.68,0.78,FALSE,50,Medium,14,
NAG2025_0948,2025-03-03,00:51,Night,Lashkaribagh,Lashkaribagh,21.16222,79.10256,Kidnapping,7,Medium,1.7,1.58,FALSE,71,High,20,
NAG2025_0949,2025-10-25,17:09,Evening,Yashodhara Nagar,Yashodhara Nagar,21.18052,79.13042,Kidnapping,6,Medium,3.21,3.41,FALSE,65,Medium,4,
NAG2025_0950,2025-07-21,05:41,Night,Kalamna,Kalamna,21.15097,79.14036,Eve Teasing,6,Low,1.87,0.85,TRUE,100,High,3,
NAG2025_0951,2025-05-02,15:03,Afternoon,Nandanvan,Nandanvan,21.13442,79.13152,Domestic Violence,8,Medium,2.57,4.81,FALSE,52,Medium,23,
NAG2025_0952,2025-08-25,23:06,Night,Beltarodi,Beltarodi,21.07777,79.07445,Domestic Violence,3,Medium,1.59,4.51,TRUE,100,High,2,
NAG2025_0953,2025-05-05,18:09,Evening,Besa,Besa,21.0823,79.08751,Assault,4,High,4.13,1.28,FALSE,69,High,12,
NAG2025_0954,2025-12-20,17:25,Evening,Kalamna,Kalamna,21.15057,79.14383,Domestic Violence,3,Low,1.52,2.17,TRUE,100,High,3,
NAG2025_0955,2025-02-10,02:36,Night,Jaripatka,Jaripatka,21.18116,79.09099,Stalking,9,Low,1.72,3.88,TRUE,86,High,17,
NAG2025_0956,2025-04-03,10:40,Morning,Mahalaxmi Nagar,Mahalaxmi Nagar,21.09927,79.11666,Eve Teasing,3,Low,1.42,1.97,FALSE,78,High,9,
NAG2025_0957,2025-07-10,17:58,Evening,Hudkeshwar,Hudkeshwar,21.09241,79.12416,Domestic Violence,3,Medium,4.37,1.76,FALSE,76,High,1,
NAG2025_0958,2025-12-11,01:21,Night,Sitabuldi,Sitabuldi,21.1434,79.08923,Eve Teasing,7,Medium,1.49,3.08,FALSE,66,Medium,5,
NAG2025_0959,2025-01-20,22:49,Night,Ganeshpeth,Ganeshpeth,21.14232,79.10015,Assault,2,Low,1.3,1.57,FALSE,100,High,14,
NAG2025_0960,2025-04-13,12:59,Afternoon,Nandanvan,Nandanvan,21.13611,79.13162,Domestic Violence,5,Medium,2.31,4.35,FALSE,62,Medium,23,
NAG2025_0961,2025-03-01,18:58,Evening,Besa,Besa,21.08775,79.09339,Domestic Violence,6,Low,2.51,3.63,FALSE,85,High,12,
NAG2025_0962,2025-12-23,11:24,Morning,Pardi,Pardi,21.14018,79.16206,Eve Teasing,4,Low,1.95,3.18,FALSE,69,High,8,
NAG2025_0963,2025-05-13,02:19,Night,Jaripatka,Jaripatka,21.18427,79.08416,Sexual Harassment,7,Medium,1.31,2.31,TRUE,95,High,17,
NAG2025_0964,2025-03-20,23:36,Night,Sitabuldi,Sitabuldi,21.14291,79.08534,Assault,6,Low,4.64,3.61,TRUE,92,High,5,
NAG2025_0965,2025-03-18,09:02,Morning,Hingna,Hingna,21.0752,79.02468,Kidnapping,3,High,1.01,3.17,TRUE,95,High,7,
NAG2025_0966,2025-07-04,06:33,Morning,Sadar,Sadar,21.16547,79.07357,Sexual Harassment,6,High,4.84,0.34,FALSE,39,Low,26,
NAG2025_0967,2025-01-04,13:24,Afternoon,Panchpaoli,Panchpaoli,21.15631,79.09183,Assault,8,High,3.06,3.37,FALSE,40,Low,24,
NAG2025_0968,2025-04-03,01:07,Night,Panchpaoli,Panchpaoli,21.14863,79.09692,Assault,5,Low,2.64,2.34,FALSE,88,High,24,
NAG2025_0969,2025-10-29,17:30,Evening,Jaripatka,Jaripatka,21.18634,79.08214,Molestation,1,High,4.34,1.73,FALSE,80,High,17,
NAG2025_0970,2025-01-11,19:28,Evening,Panchpaoli,Panchpaoli,21.15322,79.09687,Molestation,4,Medium,3.68,2.88,FALSE,74,High,24,
NAG2025_0971,2025-08-21,02:41,Night,Hudkeshwar,Hudkeshwar,21.09336,79.12208,Stalking,4,High,3.23,1.16,FALSE,69,High,1,
NAG2025_0972,2025-06-08,18:12,Evening,Beltarodi,Beltarodi,21.07859,79.07322,Assault,7,High,3.37,4.29,FALSE,51,Medium,2,
NAG2025_0973,2025-01-30,16:22,Afternoon,Wardha Road,Wardha Road,21.10911,79.07303,Assault,7,Low,1.69,1.48,FALSE,67,Medium,29,
NAG2025_0974,2025-05-14,19:12,Evening,Kotwali,Kotwali,21.14773,79.10677,Molestation,5,Medium,0.82,1.02,FALSE,83,High,18,
NAG2025_0975,2025-07-31,15:50,Afternoon,Beltarodi,Beltarodi,21.0759,79.08018,Domestic Violence,4,Low,2.28,2.34,FALSE,68,High,2,
NAG2025_0976,2025-08-01,00:58,Night,Kotwali,Kotwali,21.14168,79.10775,Stalking,9,High,2.1,0.78,FALSE,44,Medium,18,
NAG2025_0977,2025-11-23,02:53,Night,Hudkeshwar,Hudkeshwar,21.09313,79.1245,Eve Teasing,10,High,1.39,4.77,FALSE,53,Medium,1,
NAG2025_0978,2025-09-05,16:40,Afternoon,Sitabuldi,Sitabuldi,21.13816,79.08749,Molestation,7,Medium,2.44,2.56,FALSE,44,Medium,5,
NAG2025_0979,2025-07-07,23:37,Night,Hingna,Hingna,21.07329,79.02979,Kidnapping,6,High,4.77,3.27,TRUE,79,High,7,
NAG2025_0980,2025-02-04,22:26,Night,Dharampeth,Dharampeth,21.14229,79.06212,Molestation,7,Low,3.23,2.03,TRUE,100,High,13,
NAG2025_0981,2025-03-01,01:44,Night,Dharampeth,Dharampeth,21.14427,79.06788,Molestation,7,Medium,3.4,4.74,FALSE,63,Medium,13,
NAG2025_0982,2025-01-13,18:57,Evening,Beltarodi,Beltarodi,21.07928,79.07265,Eve Teasing,10,Medium,3.86,1.22,TRUE,57,Medium,2,
NAG2025_0983,2025-08-14,17:31,Evening,MIHAN,MIHAN,21.06098,79.02398,Kidnapping,5,Low,1.53,1.31,FALSE,94,High,21,
NAG2025_0984,2025-08-03,01:19,Night,Panchpaoli,Panchpaoli,21.1529,79.0908,Eve Teasing,6,Medium,2.75,3.55,FALSE,70,High,24,
NAG2025_0985,2025-12-04,04:15,Night,Nandanvan,Nandanvan,21.1365,79.12297,Stalking,4,Medium,3.61,2.48,FALSE,84,High,23,
NAG2025_0986,2025-07-12,22:27,Night,Panchpaoli,Panchpaoli,21.151,79.08887,Domestic Violence,2,Medium,0.72,2.78,FALSE,92,High,24,
NAG2025_0987,2025-10-31,18:35,Evening,Lashkaribagh,Lashkaribagh,21.16746,79.10374,Domestic Violence,6,Medium,2.83,3.49,FALSE,59,Medium,20,
NAG2025_0988,2025-02-05,14:50,Afternoon,Lakadganj,Lakadganj,21.15293,79.12155,Molestation,7,Medium,2.5,2.62,FALSE,45,Medium,19,
NAG2025_0989,2025-10-21,10:22,Morning,Ajni,Ajni,21.12765,79.07928,Sexual Harassment,7,Medium,3.3,4.47,FALSE,46,Medium,11,
NAG2025_0990,2025-09-07,02:13,Night,Kotwali,Kotwali,21.14311,79.1062,Assault,10,High,2.81,1.06,TRUE,57,Medium,18,
NAG2025_0991,2025-11-26,19:49,Evening,Beltarodi,Beltarodi,21.07066,79.08217,Sexual Harassment,7,High,1.98,2.38,TRUE,80,High,2,
NAG2025_0992,2025-10-11,07:43,Morning,Sitabuldi,Sitabuldi,21.13861,79.08374,Eve Teasing,1,Low,3.87,3.23,TRUE,100,High,5,
NAG2025_0993,2025-03-21,22:56,Night,Sitabuldi,Sitabuldi,21.1408,79.08978,Eve Teasing,9,High,0.96,4.51,TRUE,82,High,5,
NAG2025_0994,2025-03-26,05:33,Night,Mahal,Mahal,21.14228,79.1138,Eve Teasing,1,Low,2.46,0.73,FALSE,100,High,6,
NAG2025_0995,2025-11-16,03:59,Night,MIHAN,MIHAN,21.05875,79.02428,Domestic Violence,8,High,4.46,1.53,FALSE,45,Medium,21,
NAG2025_0996,2025-03-21,07:15,Morning,Panchpaoli,Panchpaoli,21.15252,79.08942,Domestic Violence,3,Low,2.18,3.25,FALSE,89,High,24,
NAG2025_0997,2025-08-06,12:02,Afternoon,Mahal,Mahal,21.14548,79.11443,Kidnapping,6,Low,1.4,3.94,TRUE,92,High,6,
NAG2025_0998,2025-04-17,07:46,Morning,Lashkaribagh,Lashkaribagh,21.1661,79.10268,Sexual Harassment,6,Medium,4.84,2.53,FALSE,45,Medium,20,
NAG2025_0999,2025-01-18,23:35,Night,Sitabuldi,Sitabuldi,21.14145,79.08602,Molestation,3,Medium,1.49,0.66,TRUE,100,High,5,
NAG2025_1000,2025-06-02,02:39,Night,Dharampeth,Dharampeth,21.13717,79.05977,Sexual Harassment,1,Medium,1.27,3.9,FALSE,100,High,13,
NAG2025_1001,2025-01-07,03:56,Night,Yashodhara Nagar,Yashodhara Nagar,21.17753,79.12419,Eve Teasing,7,Low,0.99,4.64,TRUE,100,High,4,
NAG2025_1002,2025-11-19,11:58,Morning,Telangkhedi,Telangkhedi,21.16091,79.04797,Molestation,2,Low,3.61,3.64,TRUE,100,High,10,
NAG2025_1003,2025-10-11,14:29,Afternoon,Kalamna,Kalamna,21.15831,79.13729,Assault,6,Low,3.68,3.84,FALSE,56,Medium,3,
NAG2025_1004,2025-02-03,23:31,Night,Dharampeth,Dharampeth,21.14086,79.06175,Sexual Harassment,4,Low,1.26,1.25,FALSE,100,High,13,
NAG2025_1005,2025-09-06,23:02,Night,Seminary Hills,Seminary Hills,21.16725,79.05666,Molestation,5,High,2.8,0.76,FALSE,65,Medium,27,
NAG2025_1006,2025-02-12,15:57,Afternoon,Beltarodi,Beltarodi,21.07035,79.07891,Domestic Violence,2,High,4.0,3.2,TRUE,85,High,2,
NAG2025_1007,2025-01-26,20:45,Evening,Beltarodi,Beltarodi,21.07116,79.07824,Eve Teasing,3,Low,4.79,2.13,TRUE,100,High,2,
NAG2025_1008,2025-07-25,06:16,Morning,Ganeshpeth,Ganeshpeth,21.14286,79.09843,Domestic Violence,8,Medium,3.4,4.29,FALSE,46,Medium,14,
NAG2025_1009,2025-12-28,15:48,Afternoon,Hingna,Hingna,21.07489,79.02376,Domestic Violence,1,Low,1.15,1.65,FALSE,85,High,7,
NAG2025_1010,2025-12-27,18:17,Evening,Hudkeshwar,Hudkeshwar,21.09416,79.12963,Kidnapping,6,High,2.81,1.79,TRUE,81,High,1,
NAG2025_1011,2025-02-26,20:20,Evening,Telangkhedi,Telangkhedi,21.1595,79.0534,Domestic Violence,9,High,3.97,3.46,FALSE,38,Low,10,
NAG2025_1012,2025-08-01,19:20,Evening,Hudkeshwar,Hudkeshwar,21.09241,79.12369,Molestation,9,Medium,2.12,4.33,FALSE,62,Medium,1,
NAG2025_1013,2025-03-16,19:20,Evening,Beltarodi,Beltarodi,21.07236,79.08154,Assault,4,Medium,3.17,0.88,FALSE,71,High,2,
NAG2025_1014,2025-09-16,02:48,Night,Beltarodi,Beltarodi,21.07674,79.07301,Molestation,9,Medium,4.19,1.67,TRUE,86,High,2,
NAG2025_1015,2025-09-16,16:55,Afternoon,Kotwali,Kotwali,21.14175,79.1058,Domestic Violence,9,Medium,0.26,4.43,FALSE,54,Medium,18,
NAG2025_1016,2025-09-25,12:44,Afternoon,Beltarodi,Beltarodi,21.0778,79.07786,Molestation,9,Medium,0.9,0.94,TRUE,60,Medium,2,
NAG2025_1017,2025-12-21,06:12,Morning,Panchpaoli,Panchpaoli,21.14953,79.0908,Kidnapping,5,High,1.7,4.64,FALSE,60,Medium,24,
NAG2025_1018,2025-11-03,18:54,Evening,Pardi,Pardi,21.1449,79.16012,Assault,3,Medium,1.06,4.39,TRUE,100,High,8,
NAG2025_1019,2025-05-17,01:32,Night,Beltarodi,Beltarodi,21.07291,79.08075,Sexual Harassment,7,High,4.42,1.4,FALSE,60,Medium,2,
NAG2025_1020,2025-11-04,00:39,Night,Lashkaribagh,Lashkaribagh,21.16759,79.09507,Sexual Harassment,10,Low,3.64,4.33,FALSE,62,Medium,20,
NAG2025_1021,2025-07-14,23:14,Night,Imamwada,Imamwada,21.13715,79.08989,Assault,5,Low,0.34,1.22,FALSE,100,High,16,
NAG2025_1022,2025-05-04,03:00,Night,Hingna,Hingna,21.07564,79.02961,Domestic Violence,5,Low,3.96,0.24,TRUE,100,High,7,
NAG2025_1023,2025-12-02,11:18,Morning,Kotwali,Kotwali,21.14831,79.11245,Eve Teasing,4,Medium,3.66,0.42,FALSE,56,Medium,18,
NAG2025_1024,2025-01-04,23:59,Night,Kotwali,Kotwali,21.14997,79.10753,Kidnapping,2,Low,4.02,0.31,FALSE,100,High,18,
NAG2025_1025,2025-04-16,20:04,Evening,Wardha Road,Wardha Road,21.10897,79.06632,Eve Teasing,1,Medium,4.35,1.37,FALSE,85,High,29,
NAG2025_1026,2025-04-09,22:17,Night,Yashodhara Nagar,Yashodhara Nagar,21.17838,79.12868,Domestic Violence,5,High,1.47,1.23,TRUE,97,High,4,
NAG2025_1027,2025-07-20,12:59,Afternoon,Nandanvan,Nandanvan,21.13589,79.12394,Stalking,2,Low,0.9,2.1,FALSE,92,High,23,
NAG2025_1028,2025-04-01,01:35,Night,Hingna,Hingna,21.07056,79.02338,Kidnapping,4,High,0.81,0.58,FALSE,89,High,7,
NAG2025_1029,2025-05-31,04:06,Night,Sitabuldi,Sitabuldi,21.14266,79.08977,Eve Teasing,6,Low,2.29,2.89,FALSE,90,High,5,
NAG2025_1030,2025-03-08,12:35,Afternoon,Lashkaribagh,Lashkaribagh,21.166,79.09792,Molestation,6,Low,1.02,1.6,FALSE,68,High,20,
NAG2025_1031,2025-04-23,17:16,Evening,Wathoda,Wathoda,21.1347,79.137,Eve Teasing,9,High,4.52,2.12,FALSE,42,Medium,30,
NAG2025_1032,2025-04-11,16:53,Afternoon,Sadar,Sadar,21.16392,79.07169,Eve Teasing,9,Low,1.32,1.73,FALSE,57,Medium,26,
NAG2025_1033,2025-12-30,23:12,Night,Pardi,Pardi,21.14136,79.16069,Stalking,2,High,2.62,2.6,FALSE,72,High,8,
NAG2025_1034,2025-09-16,19:42,Evening,Seminary Hills,Seminary Hills,21.16763,79.05946,Molestation,9,High,2.23,3.45,FALSE,51,Medium,27,
NAG2025_1035,2025-09-20,18:24,Evening,Mahal,Mahal,21.14755,79.11283,Sexual Harassment,6,Low,4.96,4.02,FALSE,65,Medium,6,
NAG2025_1036,2025-06-29,12:56,Afternoon,Mahal,Mahal,21.1451,79.11357,Sexual Harassment,3,Medium,2.31,1.74,TRUE,82,High,6,
NAG2025_1037,2025-09-26,08:01,Morning,Lashkaribagh,Lashkaribagh,21.16346,79.09624,Molestation,10,Medium,1.32,0.24,FALSE,35,Low,20,
NAG2025_1038,2025-04-16,02:20,Night,MIHAN,MIHAN,21.06098,79.01798,Stalking,6,Low,4.18,2.51,FALSE,82,High,21,
NAG2025_1039,2025-05-13,20:00,Evening,Beltarodi,Beltarodi,21.07355,79.0778,Kidnapping,2,High,3.51,3.82,FALSE,72,High,2,
NAG2025_1040,2025-06-18,12:49,Afternoon,Mahal,Mahal,21.13998,79.11022,Domestic Violence,3,Medium,3.69,1.73,FALSE,62,Medium,6,
NAG2025_1041,2025-05-31,17:58,Evening,Nandanvan,Nandanvan,21.13621,79.13101,Molestation,6,Low,0.54,1.45,TRUE,100,High,23,
NAG2025_1042,2025-07-27,16:31,Afternoon,Telangkhedi,Telangkhedi,21.15512,79.0523,Domestic Violence,2,Low,4.17,4.14,TRUE,100,High,10,
NAG2025_1043,2025-02-20,22:42,Night,Kalamna,Kalamna,21.15798,79.13902,Assault,6,Medium,2.0,4.14,TRUE,91,High,3,
NAG2025_1044,2025-12-16,14:32,Afternoon,MIHAN,MIHAN,21.06379,79.02011,Molestation,1,High,3.88,2.81,TRUE,77,High,21,
NAG2025_1045,2025-07-08,14:38,Afternoon,Imamwada,Imamwada,21.13831,79.08839,Domestic Violence,6,Low,4.47,4.02,TRUE,89,High,16,
NAG2025_1046,2025-06-06,11:13,Morning,Lashkaribagh,Lashkaribagh,21.16035,79.09964,Eve Teasing,3,Medium,3.11,4.94,FALSE,69,High,20,
NAG2025_1047,2025-03-20,21:02,Night,Beltarodi,Beltarodi,21.07971,79.08159,Stalking,1,Medium,0.36,0.8,TRUE,100,High,2,
NAG2025_1048,2025-05-21,12:48,Afternoon,Hudkeshwar,Hudkeshwar,21.08706,79.13075,Domestic Violence,10,Low,1.37,2.44,TRUE,77,High,1,
NAG2025_1049,2025-06-17,03:27,Night,Jaripatka,Jaripatka,21.18007,79.0836,Assault,2,High,0.76,0.63,FALSE,86,High,17,
NAG2025_1050,2025-11-02,09:35,Morning,Telangkhedi,Telangkhedi,21.16252,79.04594,Eve Teasing,7,Medium,3.92,4.41,FALSE,41,Low,10,
NAG2025_1051,2025-04-10,22:41,Night,Yashodhara Nagar,Yashodhara Nagar,21.18057,79.12161,Assault,3,Medium,3.75,0.69,TRUE,97,High,4,
NAG2025_1052,2025-08-25,01:31,Night,Lakadganj,Lakadganj,21.15102,79.11615,Eve Teasing,8,Medium,0.48,2.75,FALSE,83,High,19,
NAG2025_1053,2025-04-24,05:05,Night,Trimurti Nagar,Trimurti Nagar,21.11195,79.03264,Molestation,2,High,3.79,1.2,FALSE,87,High,28,
NAG2025_1054,2025-06-24,19:34,Evening,Ganeshpeth,Ganeshpeth,21.13805,79.10029,Assault,4,Low,1.28,4.37,FALSE,88,High,14,
NAG2025_1055,2025-07-05,20:24,Evening,Nandanvan,Nandanvan,21.13611,79.13109,Molestation,5,High,4.7,4.73,FALSE,52,Medium,23,
NAG2025_1056,2025-07-22,12:50,Afternoon,Lakadganj,Lakadganj,21.1522,79.12259,Eve Teasing,3,High,2.64,0.44,FALSE,65,Medium,19,
NAG2025_1057,2025-10-19,22:12,Night,Imamwada,Imamwada,21.13118,79.09064,Molestation,10,High,0.62,0.87,FALSE,62,Medium,16,
NAG2025_1058,2025-06-20,15:11,Afternoon,Yashodhara Nagar,Yashodhara Nagar,21.18093,79.12627,Eve Teasing,4,High,2.58,4.99,FALSE,57,Medium,4,
NAG2025_1059,2025-08-07,20:53,Evening,Besa,Besa,21.08495,79.08603,Molestation,6,High,3.08,1.7,FALSE,58,Medium,12,
NAG2025_1060,2025-06-11,12:50,Afternoon,Hudkeshwar,Hudkeshwar,21.08633,79.12384,Eve Teasing,9,Medium,0.97,4.09,TRUE,75,High,1,
NAG2025_1061,2025-02-16,21:35,Night,Ajni,Ajni,21.12683,79.07795,Eve Teasing,10,High,0.83,1.07,FALSE,59,Medium,11,
NAG2025_1062,2025-03-13,23:38,Night,Sadar,Sadar,21.16232,79.06868,Domestic Violence,3,High,3.1,4.98,TRUE,97,High,26,
NAG2025_1063,2025-01-20,14:15,Afternoon,Lakadganj,Lakadganj,21.15555,79.11924,Domestic Violence,8,Medium,4.65,3.42,TRUE,60,Medium,19,
NAG2025_1064,2025-03-08,23:33,Night,Beltarodi,Beltarodi,21.07741,79.07742,Eve Teasing,2,High,2.96,4.07,TRUE,100,High,2,
NAG2025_1065,2025-09-22,02:25,Night,Beltarodi,Beltarodi,21.07613,79.08158,Eve Teasing,1,High,2.77,3.16,FALSE,90,High,2,
NAG2025_1066,2025-03-13,20:24,Evening,Mahalaxmi Nagar,Mahalaxmi Nagar,21.1046,79.11834,Molestation,9,Medium,2.84,2.75,FALSE,41,Low,9,
NAG2025_1067,2025-09-18,13:05,Afternoon,Besa,Besa,21.08784,79.09128,Domestic Violence,3,High,3.83,3.97,FALSE,46,Medium,12,
NAG2025_1068,2025-01-19,01:27,Night,Sitabuldi,Sitabuldi,21.14522,79.08501,Molestation,5,High,1.06,3.94,TRUE,100,High,5,
NAG2025_1069,2025-12-08,02:41,Night,Sadar,Sadar,21.16359,79.07782,Molestation,10,High,1.39,4.73,FALSE,56,Medium,26,
NAG2025_1070,2025-10-23,19:15,Evening,Wardha Road,Wardha Road,21.10824,79.07234,Molestation,10,Low,4.76,4.0,FALSE,52,Medium,29,
NAG2025_1071,2025-03-20,00:37,Night,Mahal,Mahal,21.14608,79.113,Domestic Violence,4,High,3.2,4.86,FALSE,75,High,6,
NAG2025_1072,2025-05-08,05:21,Night,Hudkeshwar,Hudkeshwar,21.09492,79.12749,Domestic Violence,1,Low,1.12,4.64,TRUE,100,High,1,
NAG2025_1073,2025-09-01,18:02,Evening,Hudkeshwar,Hudkeshwar,21.08698,79.12747,Kidnapping,5,Medium,1.7,4.77,FALSE,64,Medium,1,
NAG2025_1074,2025-02-24,04:44,Night,Imamwada,Imamwada,21.13747,79.09064,Domestic Violence,9,Medium,1.02,1.6,FALSE,72,High,16,
NAG2025_1075,2025-03-02,13:46,Afternoon,Hudkeshwar,Hudkeshwar,21.0878,79.12462,Molestation,3,High,4.39,2.92,FALSE,58,Medium,1,
NAG2025_1076,2025-02-22,17:06,Evening,Lakadganj,Lakadganj,21.15873,79.11679,Sexual Harassment,1,Medium,4.66,1.94,FALSE,78,High,19,
NAG2025_1077,2025-11-20,12:48,Afternoon,Beltarodi,Beltarodi,21.07318,79.07601,Molestation,1,Medium,4.08,4.31,FALSE,76,High,2,
NAG2025_1078,2025-05-13,09:19,Morning,Wathoda,Wathoda,21.13902,79.13867,Molestation,3,High,1.08,3.38,FALSE,68,High,30,
NAG2025_1079,2025-04-12,05:23,Night,Sadar,Sadar,21.16172,79.07803,Assault,3,Medium,3.65,0.36,TRUE,100,High,26,
NAG2025_1080,2025-04-21,01:06,Night,Beltarodi,Beltarodi,21.07804,79.07411,Kidnapping,5,Medium,2.21,0.29,FALSE,70,High,2,
NAG2025_1081,2025-08-27,18:58,Evening,Hingna,Hingna,21.07413,79.02427,Molestation,7,Low,2.07,1.41,TRUE,88,High,7,
NAG2025_1082,2025-09-26,04:14,Night,Yashodhara Nagar,Yashodhara Nagar,21.18145,79.12723,Eve Teasing,8,Medium,3.07,2.17,FALSE,53,Medium,4,
NAG2025_1083,2025-01-07,00:49,Night,Lashkaribagh,Lashkaribagh,21.16375,79.09818,Domestic Violence,1,Medium,1.76,0.82,FALSE,95,High,20,
NAG2025_1084,2025-01-07,21:40,Night,Besa,Besa,21.08519,79.09146,Assault,1,Low,3.06,2.22,FALSE,100,High,12,
NAG2025_1085,2025-11-24,11:17,Morning,Ajni,Ajni,21.12847,79.08223,Stalking,2,Low,4.8,3.88,FALSE,83,High,11,
NAG2025_1086,2025-05-12,23:08,Night,Kalamna,Kalamna,21.15561,79.14146,Molestation,3,High,3.8,3.02,FALSE,64,Medium,3,
NAG2025_1087,2025-07-29,06:34,Morning,Telangkhedi,Telangkhedi,21.15862,79.04839,Assault,9,Low,3.74,3.8,FALSE,59,Medium,10,
NAG2025_1088,2025-03-06,04:01,Night,Lashkaribagh,Lashkaribagh,21.17004,79.09687,Domestic Violence,2,Low,4.83,3.93,TRUE,100,High,20,
NAG2025_1089,2025-10-10,02:05,Night,Mahal,Mahal,21.1429,79.11295,Eve Teasing,9,Low,1.04,3.55,TRUE,89,High,6,
NAG2025_1090,2025-07-24,13:53,Afternoon,Kalamna,Kalamna,21.1591,79.13702,Molestation,9,Medium,1.17,0.65,TRUE,77,High,3,
NAG2025_1091,2025-05-18,16:54,Afternoon,Yashodhara Nagar,Yashodhara Nagar,21.18139,79.12949,Eve Teasing,10,High,4.1,2.24,TRUE,45,Medium,4,
NAG2025_1092,2025-04-26,03:13,Night,Lakadganj,Lakadganj,21.15725,79.11891,Assault,9,Medium,4.72,4.94,FALSE,52,Medium,19,
NAG2025_1093,2025-01-06,14:37,Afternoon,Ganeshpeth,Ganeshpeth,21.1377,79.09111,Stalking,2,Medium,1.88,4.13,TRUE,95,High,14,
NAG2025_1094,2025-02-28,00:00,Night,Sitabuldi,Sitabuldi,21.1397,79.08728,Stalking,3,Medium,1.8,2.2,FALSE,84,High,5,
NAG2025_1095,2025-08-28,14:19,Afternoon,Mahal,Mahal,21.1477,79.10785,Eve Teasing,9,Medium,0.36,0.66,FALSE,61,Medium,6,
NAG2025_1096,2025-04-25,16:14,Afternoon,Gittikhadan,Gittikhadan,21.17484,79.04964,Molestation,8,Medium,1.73,1.98,FALSE,45,Medium,15,
NAG2025_1097,2025-11-08,19:16,Evening,MIHAN,MIHAN,21.05762,79.02091,Kidnapping,1,High,4.15,4.86,FALSE,74,High,21,
NAG2025_1098,2025-06-04,09:48,Morning,Beltarodi,Beltarodi,21.07529,79.08,Sexual Harassment,8,Low,3.97,2.46,TRUE,75,High,2,
NAG2025_1099,2025-09-25,16:09,Afternoon,Imamwada,Imamwada,21.13183,79.08592,Eve Teasing,10,Low,1.93,3.79,FALSE,43,Medium,16,
NAG2025_1100,2025-05-02,02:52,Night,Lashkaribagh,Lashkaribagh,21.16948,79.1026,Eve Teasing,5,High,0.34,0.92,FALSE,72,High,20,
NAG2025_1101,2025-02-16,03:22,Night,Manewada,Manewada,21.09162,79.10878,Domestic Violence,3,Medium,1.05,0.29,FALSE,96,High,22,
NAG2025_1102,2025-12-24,23:15,Night,Panchpaoli,Panchpaoli,21.15007,79.08968,Molestation,3,Low,1.47,3.44,FALSE,100,High,24,
NAG2025_1103,2025-08-17,04:58,Night,Beltarodi,Beltarodi,21.07026,79.0734,Stalking,5,High,3.27,3.91,TRUE,84,High,2,
NAG2025_1104,2025-04-19,19:58,Evening,Ganeshpeth,Ganeshpeth,21.14472,79.09535,Assault,6,Medium,3.65,3.77,FALSE,59,Medium,14,
NAG2025_1105,2025-04-06,01:00,Night,Dharampeth,Dharampeth,21.1369,79.0607,Molestation,3,High,1.34,2.71,FALSE,88,High,13,
NAG2025_1106,2025-09-07,20:34,Evening,Jaripatka,Jaripatka,21.17988,79.0876,Kidnapping,4,Medium,0.78,2.49,FALSE,74,High,17,
NAG2025_1107,2025-04-12,09:10,Morning,Mahal,Mahal,21.13915,79.10994,Eve Teasing,5,Low,3.03,1.86,FALSE,64,Medium,6,
NAG2025_1108,2025-10-25,17:55,Evening,Sitabuldi,Sitabuldi,21.14225,79.08452,Molestation,5,Medium,2.63,1.86,FALSE,71,High,5,
NAG2025_1109,2025-02-06,04:00,Night,Hingna,Hingna,21.07249,79.02079,Molestation,5,High,4.91,0.24,FALSE,72,High,7,
NAG2025_1110,2025-08-28,09:37,Morning,Hudkeshwar,Hudkeshwar,21.09165,79.12714,Molestation,9,Medium,0.61,4.32,FALSE,50,Medium,1,
NAG2025_1111,2025-12-19,17:00,Evening,Kalamna,Kalamna,21.15798,79.14609,Eve Teasing,8,Medium,1.71,2.06,FALSE,52,Medium,3,
NAG2025_1112,2025-08-18,01:18,Night,Yashodhara Nagar,Yashodhara Nagar,21.18519,79.12434,Eve Teasing,1,Medium,2.4,1.7,TRUE,100,High,4,
NAG2025_1113,2025-03-03,16:47,Afternoon,Hudkeshwar,Hudkeshwar,21.09431,79.12451,Eve Teasing,5,High,1.9,0.41,TRUE,64,Medium,1,
NAG2025_1114,2025-06-26,02:32,Night,Ganeshpeth,Ganeshpeth,21.13647,79.09418,Domestic Violence,1,High,0.8,2.03,TRUE,100,High,14,
NAG2025_1115,2025-08-01,05:29,Night,Beltarodi,Beltarodi,21.07627,79.08205,Domestic Violence,1,Low,1.55,1.19,TRUE,100,High,2,
NAG2025_1116,2025-06-08,16:25,Afternoon,Panchpaoli,Panchpaoli,21.1519,79.09358,Molestation,2,Low,2.95,3.9,TRUE,98,High,24,
NAG2025_1117,2025-01-24,17:10,Evening,Yashodhara Nagar,Yashodhara Nagar,21.18506,79.12615,Eve Teasing,4,Medium,1.53,4.83,FALSE,71,High,4,
NAG2025_1118,2025-12-11,12:35,Afternoon,Yashodhara Nagar,Yashodhara Nagar,21.18068,79.12391,Sexual Harassment,2,Low,1.13,1.02,TRUE,100,High,4,
NAG2025_1119,2025-07-26,12:29,Afternoon,Mahal,Mahal,21.14174,79.11545,Stalking,7,High,0.46,4.89,FALSE,51,Medium,6,
NAG2025_1120,2025-06-27,17:03,Evening,Beltarodi,Beltarodi,21.07428,79.0813,Stalking,9,Medium,0.32,2.25,TRUE,82,High,2,
NAG2025_1121,2025-12-01,04:49,Night,Kalamna,Kalamna,21.15676,79.14118,Assault,7,Medium,2.73,1.32,TRUE,80,High,3,
NAG2025_1122,2025-02-08,15:08,Afternoon,Wathoda,Wathoda,21.13486,79.13505,Eve Teasing,3,Low,2.64,0.31,TRUE,94,High,30,
NAG2025_1123,2025-10-31,19:03,Evening,Dharampeth,Dharampeth,21.14129,79.06193,Eve Teasing,3,Medium,0.21,2.95,FALSE,90,High,13,
NAG2025_1124,2025-09-20,12:33,Afternoon,Lashkaribagh,Lashkaribagh,21.16983,79.10067,Molestation,10,Medium,1.14,4.22,FALSE,45,Medium,20,
NAG2025_1125,2025-04-23,05:59,Night,Kalamna,Kalamna,21.15144,79.14085,Kidnapping,6,Low,0.47,3.13,FALSE,100,High,3,
NAG2025_1126,2025-03-04,08:25,Morning,Wathoda,Wathoda,21.14284,79.13688,Molestation,10,Low,3.58,1.51,FALSE,39,Low,30,
NAG2025_1127,2025-07-28,21:34,Night,Sitabuldi,Sitabuldi,21.14089,79.08423,Assault,5,High,0.4,3.81,FALSE,74,High,5,
NAG2025_1128,2025-10-19,16:59,Afternoon,Kotwali,Kotwali,21.14714,79.11012,Sexual Harassment,4,Medium,3.63,0.83,FALSE,57,Medium,18,
NAG2025_1129,2025-01-16,01:58,Night,Hudkeshwar,Hudkeshwar,21.09265,79.13089,Assault,2,Medium,4.7,3.1,FALSE,93,High,1,
NAG2025_1130,2025-07-30,01:59,Night,MIHAN,MIHAN,21.05806,79.02346,Kidnapping,7,High,2.43,1.31,FALSE,55,Medium,21,
NAG2025_1131,2025-06-12,19:59,Evening,Yashodhara Nagar,Yashodhara Nagar,21.17766,79.1217,Sexual Harassment,5,High,2.06,1.82,FALSE,56,Medium,4,
NAG2025_1132,2025-07-17,05:48,Night,Nandanvan,Nandanvan,21.14138,79.129,Assault,7,Medium,1.54,1.05,FALSE,74,High,23,
NAG2025_1133,2025-10-14,01:33,Night,Ajni,Ajni,21.12519,79.08474,Eve Teasing,5,Medium,4.22,0.37,FALSE,77,High,11,
NAG2025_1134,2025-06-02,06:43,Morning,Nandanvan,Nandanvan,21.13426,79.13048,Domestic Violence,7,Medium,2.9,1.45,FALSE,51,Medium,23,
NAG2025_1135,2025-10-26,05:01,Night,Yashodhara Nagar,Yashodhara Nagar,21.18107,79.12233,Molestation,6,Low,2.18,3.69,FALSE,81,High,4,
NAG2025_1136,2025-05-09,12:22,Afternoon,Wathoda,Wathoda,21.13296,79.13919,Domestic Violence,9,Medium,1.99,4.45,FALSE,39,Low,30,
NAG2025_1137,2025-01-11,16:47,Afternoon,Mahal,Mahal,21.14574,79.11579,Molestation,4,Medium,2.8,3.25,FALSE,63,Medium,6,
NAG2025_1138,2025-07-08,19:59,Evening,Yashodhara Nagar,Yashodhara Nagar,21.18206,79.12529,Eve Teasing,5,Medium,1.44,0.48,TRUE,100,High,4,
NAG2025_1139,2025-05-04,17:36,Evening,Hudkeshwar,Hudkeshwar,21.08889,79.12652,Stalking,6,High,0.58,0.21,FALSE,73,High,1,
NAG2025_1140,2025-02-19,00:29,Night,Kotwali,Kotwali,21.14971,79.10723,Sexual Harassment,7,Medium,0.92,0.34,TRUE,99,High,18,
NAG2025_1141,2025-01-11,14:15,Afternoon,Seminary Hills,Seminary Hills,21.16634,79.05548,Kidnapping,9,Medium,0.51,1.12,FALSE,58,Medium,27,
NAG2025_1142,2025-10-23,04:06,Night,Pardi,Pardi,21.14949,79.15683,Assault,9,Medium,3.52,2.72,FALSE,62,Medium,8,
NAG2025_1143,2025-11-05,18:18,Evening,Nandanvan,Nandanvan,21.13821,79.12852,Stalking,6,Low,4.76,0.86,FALSE,75,High,23,
NAG2025_1144,2025-11-01,14:43,Afternoon,Gittikhadan,Gittikhadan,21.17122,79.04826,Stalking,5,Medium,4.79,0.62,FALSE,58,Medium,15,
NAG2025_1145,2025-12-20,13:19,Afternoon,Lakadganj,Lakadganj,21.15007,79.11649,Assault,3,Medium,4.99,3.56,FALSE,64,Medium,19,
NAG2025_1146,2025-03-20,03:40,Night,Hingna,Hingna,21.06923,79.0282,Kidnapping,5,High,4.95,3.82,FALSE,72,High,7,
NAG2025_1147,2025-03-15,19:54,Evening,Kalamna,Kalamna,21.15886,79.1451,Stalking,6,Low,3.58,2.06,TRUE,94,High,3,
NAG2025_1148,2025-03-07,17:01,Evening,Sitabuldi,Sitabuldi,21.13934,79.09102,Eve Teasing,8,Medium,4.53,4.46,TRUE,78,High,5,
NAG2025_1149,2025-04-10,00:54,Night,Telangkhedi,Telangkhedi,21.15449,79.04832,Domestic Violence,4,Medium,2.34,4.13,FALSE,88,High,10,
NAG2025_1150,2025-03-04,03:08,Night,Beltarodi,Beltarodi,21.07692,79.07754,Domestic Violence,7,High,4.87,2.27,TRUE,71,High,2,
NAG2025_1151,2025-03-26,11:28,Morning,Mahalaxmi Nagar,Mahalaxmi Nagar,21.0991,79.11608,Domestic Violence,6,Medium,3.87,0.4,FALSE,64,Medium,9,
NAG2025_1152,2025-03-05,08:26,Morning,Beltarodi,Beltarodi,21.0738,79.07841,Kidnapping,4,High,1.99,1.61,FALSE,51,Medium,2,
NAG2025_1153,2025-08-07,09:41,Morning,Imamwada,Imamwada,21.13181,79.09405,Kidnapping,9,Medium,4.04,2.47,FALSE,31,Low,16,
NAG2025_1154,2025-11-21,23:34,Night,Sitabuldi,Sitabuldi,21.14006,79.0824,Sexual Harassment,10,Low,3.07,1.65,TRUE,83,High,5,
NAG2025_1155,2025-02-18,19:17,Evening,Wathoda,Wathoda,21.13479,79.13472,Domestic Violence,4,Medium,2.16,3.86,FALSE,82,High,30,
NAG2025_1156,2025-12-19,16:23,Afternoon,Nandanvan,Nandanvan,21.13949,79.13207,Molestation,6,Medium,2.12,1.11,FALSE,58,Medium,23,
NAG2025_1157,2025-09-11,16:38,Afternoon,Yashodhara Nagar,Yashodhara Nagar,21.18166,79.12992,Domestic Violence,5,High,0.88,4.81,FALSE,49,Medium,4,
NAG2025_1158,2025-02-06,23:52,Night,Mahal,Mahal,21.14029,79.11489,Molestation,7,Medium,4.42,3.51,FALSE,57,Medium,6,
NAG2025_1159,2025-05-13,18:33,Evening,Ganeshpeth,Ganeshpeth,21.13861,79.09217,Eve Teasing,5,Medium,2.27,0.28,FALSE,66,Medium,14,
NAG2025_1160,2025-03-31,22:26,Night,Beltarodi,Beltarodi,21.07045,79.07443,Molestation,7,High,4.42,1.76,TRUE,72,High,2,
NAG2025_1161,2025-08-31,07:16,Morning,Mahal,Mahal,21.14394,79.11559,Eve Teasing,2,Medium,4.73,3.31,TRUE,95,High,6,
NAG2025_1162,2025-11-06,09:05,Morning,Jaripatka,Jaripatka,21.18321,79.08236,Domestic Violence,3,High,4.58,3.59,FALSE,56,Medium,17,
NAG2025_1163,2025-11-19,12:32,Afternoon,Trimurti Nagar,Trimurti Nagar,21.11345,79.03592,Eve Teasing,2,Medium,0.85,3.8,FALSE,84,High,28,
NAG2025_1164,2025-02-21,18:25,Evening,Trimurti Nagar,Trimurti Nagar,21.11283,79.03383,Eve Teasing,6,Low,1.0,0.62,TRUE,100,High,28,
NAG2025_1165,2025-10-09,16:19,Afternoon,Pratap Nagar,Pratap Nagar,21.11398,79.05837,Molestation,5,Low,1.12,0.67,FALSE,81,High,25,
NAG2025_1166,2025-10-27,13:22,Afternoon,Hudkeshwar,Hudkeshwar,21.09508,79.12514,Stalking,6,High,2.9,2.82,TRUE,63,Medium,1,
NAG2025_1167,2025-03-14,07:45,Morning,Hingna,Hingna,21.06958,79.02864,Sexual Harassment,3,High,3.44,3.38,TRUE,67,Medium,7,
NAG2025_1168,2025-01-27,14:01,Afternoon,Mahal,Mahal,21.14713,79.11235,Assault,1,Medium,3.76,0.29,FALSE,75,High,6,
NAG2025_1169,2025-03-18,17:44,Evening,Sitabuldi,Sitabuldi,21.1438,79.08963,Sexual Harassment,10,Low,2.65,3.19,FALSE,51,Medium,5,
NAG2025_1170,2025-08-01,04:48,Night,Manewada,Manewada,21.09984,79.11141,Stalking,4,Low,0.44,4.77,FALSE,100,High,22,
NAG2025_1171,2025-02-27,00:59,Night,Dharampeth,Dharampeth,21.14165,79.06114,Molestation,5,Low,3.86,4.87,FALSE,92,High,13,
NAG2025_1172,2025-01-05,23:58,Night,Hudkeshwar,Hudkeshwar,21.09155,79.13099,Assault,2,High,4.74,2.96,TRUE,100,High,1,
NAG2025_1173,2025-06-04,12:47,Afternoon,Dharampeth,Dharampeth,21.14082,79.05892,Stalking,6,Medium,3.23,1.09,FALSE,58,Medium,13,
NAG2025_1174,2025-07-22,05:23,Night,Hudkeshwar,Hudkeshwar,21.09269,79.13158,Assault,2,Low,1.33,1.8,FALSE,100,High,1,
NAG2025_1175,2025-08-16,10:06,Morning,Jaripatka,Jaripatka,21.18698,79.08414,Assault,10,Medium,2.79,2.68,FALSE,45,Medium,17,
NAG2025_1176,2025-07-08,08:58,Morning,Yashodhara Nagar,Yashodhara Nagar,21.18587,79.13065,Domestic Violence,5,Medium,2.98,3.5,FALSE,62,Medium,4,
NAG2025_1177,2025-01-05,08:56,Morning,Wathoda,Wathoda,21.1369,79.13726,Eve Teasing,5,Low,4.58,3.4,FALSE,61,Medium,30,
NAG2025_1178,2025-03-16,00:53,Night,Kalamna,Kalamna,21.15731,79.14416,Sexual Harassment,9,High,1.59,1.35,TRUE,79,High,3,
NAG2025_1179,2025-09-12,03:36,Night,Mahal,Mahal,21.14454,79.11053,Domestic Violence,8,Low,1.97,1.82,FALSE,74,High,6,
NAG2025_1180,2025-08-02,22:39,Night,Lashkaribagh,Lashkaribagh,21.16732,79.10231,Assault,1,Medium,3.7,0.47,FALSE,95,High,20,
NAG2025_1181,2025-10-25,18:50,Evening,Yashodhara Nagar,Yashodhara Nagar,21.17715,79.12143,Molestation,8,Low,1.41,0.94,FALSE,82,High,4,
NAG2025_1182,2025-03-23,03:57,Night,Kalamna,Kalamna,21.15149,79.13754,Kidnapping,1,Medium,1.35,0.99,FALSE,99,High,3,
NAG2025_1183,2025-06-16,09:36,Morning,Yashodhara Nagar,Yashodhara Nagar,21.18565,79.12214,Stalking,8,High,4.22,2.48,FALSE,36,Low,4,
NAG2025_1184,2025-01-20,10:11,Morning,Ajni,Ajni,21.12911,79.08568,Domestic Violence,9,Medium,2.83,4.89,FALSE,41,Low,11,
NAG2025_1185,2025-08-26,17:56,Evening,Mahal,Mahal,21.14745,79.11098,Sexual Harassment,8,Medium,0.41,0.57,FALSE,60,Medium,6,
NAG2025_1186,2025-02-26,19:15,Evening,Sadar,Sadar,21.16291,79.07606,Stalking,2,Medium,3.9,1.71,FALSE,87,High,26,
NAG2025_1187,2025-03-30,18:25,Evening,MIHAN,MIHAN,21.05706,79.02308,Eve Teasing,1,Medium,0.35,2.72,FALSE,95,High,21,
NAG2025_1188,2025-10-01,18:45,Evening,Beltarodi,Beltarodi,21.07884,79.07799,Eve Teasing,4,High,2.15,3.25,TRUE,89,High,2,
NAG2025_1189,2025-04-20,10:43,Morning,Hudkeshwar,Hudkeshwar,21.08593,79.12652,Eve Teasing,3,Medium,2.61,4.96,TRUE,82,High,1,
NAG2025_1190,2025-09-08,13:29,Afternoon,Lashkaribagh,Lashkaribagh,21.16688,79.10288,Assault,8,Low,4.68,1.66,FALSE,61,Medium,20,
NAG2025_1191,2025-02-05,12:00,Afternoon,Lakadganj,Lakadganj,21.15531,79.11923,Domestic Violence,8,Medium,4.08,3.42,FALSE,40,Low,19,
NAG2025_1192,2025-01-05,19:06,Evening,Kotwali,Kotwali,21.14516,79.11215,Domestic Violence,9,High,0.92,3.96,FALSE,56,Medium,18,
NAG2025_1193,2025-08-10,20:23,Evening,Yashodhara Nagar,Yashodhara Nagar,21.18254,79.12706,Sexual Harassment,9,High,2.26,2.04,FALSE,50,Medium,4,
NAG2025_1194,2025-05-17,23:16,Night,Nandanvan,Nandanvan,21.13499,79.12727,Sexual Harassment,7,High,1.74,1.86,TRUE,77,High,23,
NAG2025_1195,2025-06-19,23:40,Night,Hudkeshwar,Hudkeshwar,21.0898,79.12911,Eve Teasing,3,High,4.39,3.0,FALSE,74,High,1,
NAG2025_1196,2025-02-19,15:40,Afternoon,Seminary Hills,Seminary Hills,21.16711,79.05179,Eve Teasing,7,Medium,1.57,1.81,FALSE,54,Medium,27,
NAG2025_1197,2025-03-07,20:17,Evening,Beltarodi,Beltarodi,21.0799,79.07812,Assault,10,Medium,4.62,2.34,TRUE,72,High,2,
NAG2025_1198,2025-10-18,21:56,Night,Hudkeshwar,Hudkeshwar,21.09014,79.12806,Assault,9,High,1.04,1.73,TRUE,82,High,1,
NAG2025_1199,2025-12-20,17:33,Evening,Sitabuldi,Sitabuldi,21.1477,79.09006,Molestation,2,High,1.18,1.35,FALSE,78,High,5,
NAG2025_1200,2025-01-29,14:29,Afternoon,Kalamna,Kalamna,21.15047,79.14396,Molestation,6,Medium,1.64,0.7,TRUE,73,High,3,
NAG2025_1201,2025-08-02,14:48,Afternoon,Sitabuldi,Sitabuldi,21.13894,79.09094,Eve Teasing,1,Medium,1.87,3.67,TRUE,100,High,5,
NAG2025_1202,2025-08-08,07:37,Morning,Lashkaribagh,Lashkaribagh,21.16959,79.09554,Molestation,7,Low,3.97,3.32,TRUE,77,High,20,
NAG2025_1203,2025-08-10,20:03,Evening,Yashodhara Nagar,Yashodhara Nagar,21.18654,79.12531,Kidnapping,1,Medium,2.76,1.49,TRUE,96,High,4,
NAG2025_1204,2025-11-12,15:18,Afternoon,Yashodhara Nagar,Yashodhara Nagar,21.18288,79.12756,Assault,7,Medium,1.74,3.18,TRUE,66,Medium,4,
NAG2025_1205,2025-12-31,13:59,Afternoon,Panchpaoli,Panchpaoli,21.15443,79.09007,Molestation,3,Medium,1.92,2.34,FALSE,77,High,24,
NAG2025_1206,2025-07-23,17:37,Evening,Jaripatka,Jaripatka,21.18377,79.08218,Eve Teasing,10,High,1.8,0.98,FALSE,30,Low,17,
NAG2025_1207,2025-09-12,00:06,Night,Manewada,Manewada,21.09963,79.10473,Sexual Harassment,2,High,4.87,2.6,FALSE,73,High,22,
NAG2025_1208,2025-05-16,03:37,Night,Hingna,Hingna,21.06939,79.02998,Molestation,9,Medium,0.57,0.47,FALSE,63,Medium,7,
NAG2025_1209,2025-04-02,02:16,Night,Seminary Hills,Seminary Hills,21.1626,79.05976,Stalking,8,Low,2.08,3.27,FALSE,81,High,27,
NAG2025_1210,2025-01-19,05:48,Night,Kalamna,Kalamna,21.15125,79.14466,Assault,1,Medium,2.84,4.48,TRUE,100,High,3,
NAG2025_1211,2025-10-10,13:10,Afternoon,Yashodhara Nagar,Yashodhara Nagar,21.18533,79.12553,Kidnapping,4,Low,3.92,3.13,FALSE,69,High,4,
NAG2025_1212,2025-11-23,12:26,Afternoon,Dharampeth,Dharampeth,21.13922,79.06751,Domestic Violence,9,Medium,3.68,1.56,FALSE,41,Low,13,
NAG2025_1213,2025-02-07,02:08,Night,Yashodhara Nagar,Yashodhara Nagar,21.18536,79.12571,Domestic Violence,4,Medium,2.55,0.31,TRUE,100,High,4,
NAG2025_1214,2025-02-08,01:53,Night,Telangkhedi,Telangkhedi,21.15348,79.05415,Kidnapping,5,Low,2.51,2.8,FALSE,79,High,10,
NAG2025_1215,2025-03-28,13:14,Afternoon,Beltarodi,Beltarodi,21.07042,79.07975,Molestation,5,Medium,1.72,3.0,FALSE,57,Medium,2,
NAG2025_1216,2025-12-07,16:15,Afternoon,Lakadganj,Lakadganj,21.15467,79.1144,Eve Teasing,9,Medium,2.41,1.55,FALSE,34,Low,19,
NAG2025_1217,2025-11-12,13:49,Afternoon,Wardha Road,Wardha Road,21.10701,79.0722,Kidnapping,6,Medium,4.94,4.12,TRUE,78,High,29,
NAG2025_1218,2025-05-23,09:24,Morning,Mahal,Mahal,21.14416,79.11208,Sexual Harassment,9,Medium,0.97,4.35,FALSE,55,Medium,6,
NAG2025_1219,2025-01-10,13:11,Afternoon,Hudkeshwar,Hudkeshwar,21.093,79.12829,Sexual Harassment,3,Medium,0.96,3.4,TRUE,97,High,1,
NAG2025_1220,2025-06-09,10:55,Morning,Besa,Besa,21.09031,79.08948,Stalking,9,Medium,3.24,1.65,FALSE,49,Medium,12,
NAG2025_1221,2025-01-09,04:21,Night,Beltarodi,Beltarodi,21.07656,79.08176,Domestic Violence,2,Medium,1.33,4.92,FALSE,100,High,2,
NAG2025_1222,2025-08-21,17:50,Evening,Beltarodi,Beltarodi,21.07807,79.07638,Eve Teasing,4,Medium,3.63,0.59,FALSE,72,High,2,
NAG2025_1223,2025-10-22,08:23,Morning,Kalamna,Kalamna,21.15007,79.13865,Sexual Harassment,7,Medium,1.4,0.87,FALSE,48,Medium,3,
NAG2025_1224,2025-02-17,02:11,Night,Mahal,Mahal,21.14778,79.11684,Sexual Harassment,9,Low,2.85,0.36,FALSE,74,High,6,
NAG2025_1225,2025-05-06,16:21,Afternoon,Sitabuldi,Sitabuldi,21.14092,79.08941,Domestic Violence,5,Low,3.25,1.92,FALSE,74,High,5,
NAG2025_1226,2025-08-11,16:41,Afternoon,Wardha Road,Wardha Road,21.10123,79.07247,Stalking,4,Low,2.66,0.81,FALSE,67,Medium,29,
NAG2025_1227,2025-10-06,14:58,Afternoon,Manewada,Manewada,21.09936,79.10681,Sexual Harassment,4,High,0.99,2.8,FALSE,52,Medium,22,
NAG2025_1228,2025-01-03,01:32,Night,Kalamna,Kalamna,21.15232,79.14202,Stalking,9,Low,2.19,4.41,TRUE,96,High,3,
NAG2025_1229,2025-12-29,08:39,Morning,Sitabuldi,Sitabuldi,21.13806,79.08226,Stalking,1,Medium,3.89,2.0,TRUE,88,High,5,
NAG2025_1230,2025-06-22,03:18,Night,Kalamna,Kalamna,21.15597,79.13846,Kidnapping,10,Medium,1.45,3.2,TRUE,89,High,3,
NAG2025_1231,2025-01-14,06:56,Morning,Kalamna,Kalamna,21.15012,79.14326,Sexual Harassment,4,Low,1.46,0.53,FALSE,74,High,3,
NAG2025_1232,2025-12-14,07:30,Morning,Trimurti Nagar,Trimurti Nagar,21.11905,79.03271,Domestic Violence,5,High,3.24,0.84,FALSE,41,Low,28,
NAG2025_1233,2025-03-17,22:02,Night,Imamwada,Imamwada,21.13806,79.09058,Eve Teasing,1,Low,4.46,4.93,FALSE,100,High,16,
NAG2025_1234,2025-10-12,16:55,Afternoon,Yashodhara Nagar,Yashodhara Nagar,21.1856,79.13039,Domestic Violence,10,Medium,1.19,0.72,TRUE,64,Medium,4,
NAG2025_1235,2025-04-11,19:37,Evening,Mahal,Mahal,21.14559,79.10895,Kidnapping,5,Low,0.5,1.01,FALSE,100,High,6,
NAG2025_1236,2025-01-01,23:20,Night,Wardha Road,Wardha Road,21.10457,79.06418,Eve Teasing,9,High,1.99,0.24,FALSE,50,Medium,29,
NAG2025_1237,2025-01-17,04:40,Night,Hudkeshwar,Hudkeshwar,21.09408,79.12965,Sexual Harassment,9,Medium,4.93,3.88,TRUE,68,High,1,
NAG2025_1238,2025-07-27,14:50,Afternoon,Hudkeshwar,Hudkeshwar,21.09433,79.12562,Sexual Harassment,4,Low,3.02,3.1,FALSE,76,High,1,
NAG2025_1239,2025-09-04,23:54,Night,Beltarodi,Beltarodi,21.07124,79.07773,Domestic Violence,8,Medium,3.53,2.95,FALSE,54,Medium,2,
NAG2025_1240,2025-05-31,03:00,Night,Hudkeshwar,Hudkeshwar,21.09436,79.12766,Stalking,8,Low,4.75,4.4,FALSE,81,High,1,
NAG2025_1241,2025-01-07,04:09,Night,Hudkeshwar,Hudkeshwar,21.08998,79.12264,Assault,5,High,2.16,4.45,FALSE,65,Medium,1,
NAG2025_1242,2025-12-25,00:39,Night,Lashkaribagh,Lashkaribagh,21.16042,79.10372,Kidnapping,9,Medium,4.15,4.91,FALSE,53,Medium,20,
NAG2025_1243,2025-02-22,17:57,Evening,Wathoda,Wathoda,21.13764,79.13492,Domestic Violence,4,Medium,4.86,2.72,FALSE,78,High,30,
NAG2025_1244,2025-09-16,17:09,Evening,Hudkeshwar,Hudkeshwar,21.091,79.12946,Stalking,4,High,1.43,4.53,FALSE,62,Medium,1,
NAG2025_1245,2025-09-29,12:34,Afternoon,Beltarodi,Beltarodi,21.07185,79.08045,Domestic Violence,8,Medium,0.62,2.35,TRUE,71,High,2,
NAG2025_1246,2025-01-27,00:37,Night,Kalamna,Kalamna,21.15442,79.14122,Molestation,10,High,3.89,4.03,FALSE,32,Low,3,
NAG2025_1247,2025-11-25,19:46,Evening,Nandanvan,Nandanvan,21.13451,79.12832,Eve Teasing,7,High,1.81,4.91,FALSE,58,Medium,23,
NAG2025_1248,2025-12-24,13:37,Afternoon,Kalamna,Kalamna,21.14984,79.13654,Eve Teasing,3,Low,0.37,3.53,FALSE,85,High,3,
NAG2025_1249,2025-04-09,13:35,Afternoon,Kalamna,Kalamna,21.15029,79.14099,Eve Teasing,9,High,4.26,1.93,TRUE,45,Medium,3,
NAG2025_1250,2025-08-23,13:02,Afternoon,Mahal,Mahal,21.14468,79.1125,Eve Teasing,2,Low,4.07,2.9,FALSE,84,High,6,
NAG2025_1251,2025-08-14,13:43,Afternoon,Yashodhara Nagar,Yashodhara Nagar,21.18353,79.12396,Assault,10,Low,0.94,3.95,TRUE,82,High,4,
NAG2025_1252,2025-05-10,20:03,Evening,Sitabuldi,Sitabuldi,21.14083,79.08805,Molestation,7,High,1.15,3.14,FALSE,52,Medium,5,
NAG2025_1253,2025-03-19,05:44,Night,Manewada,Manewada,21.09638,79.10839,Domestic Violence,7,High,0.61,3.4,FALSE,73,High,22,
NAG2025_1254,2025-12-16,22:52,Night,Dharampeth,Dharampeth,21.14287,79.06346,Eve Teasing,5,Low,4.5,2.62,TRUE,100,High,13,
NAG2025_1255,2025-01-26,02:16,Night,Trimurti Nagar,Trimurti Nagar,21.11656,79.04111,Eve Teasing,7,Medium,2.02,3.38,FALSE,73,High,28,
NAG2025_1256,2025-11-28,12:59,Afternoon,Trimurti Nagar,Trimurti Nagar,21.11326,79.03462,Molestation,8,Medium,0.58,2.45,FALSE,57,Medium,28,
NAG2025_1257,2025-12-11,05:06,Night,Mahalaxmi Nagar,Mahalaxmi Nagar,21.09816,79.12333,Assault,7,Medium,3.55,1.34,FALSE,69,High,9,
NAG2025_1258,2025-02-10,04:26,Night,Pratap Nagar,Pratap Nagar,21.11752,79.05142,Kidnapping,7,High,1.44,1.87,FALSE,55,Medium,25,
NAG2025_1259,2025-04-27,23:08,Night,Lakadganj,Lakadganj,21.15304,79.1202,Sexual Harassment,1,Medium,2.48,4.69,FALSE,100,High,19,
NAG2025_1260,2025-03-06,21:10,Night,Kalamna,Kalamna,21.155,79.14558,Domestic Violence,3,High,1.25,3.46,FALSE,83,High,3,
NAG2025_1261,2025-02-04,16:01,Afternoon,Pardi,Pardi,21.14472,79.1589,Assault,6,Low,0.31,2.39,TRUE,100,High,8,
NAG2025_1262,2025-01-07,21:23,Night,Kalamna,Kalamna,21.1512,79.14575,Assault,4,Low,2.17,1.98,FALSE,95,High,3,
NAG2025_1263,2025-06-22,18:09,Evening,Pratap Nagar,Pratap Nagar,21.11625,79.05228,Kidnapping,6,Medium,1.27,3.8,FALSE,62,Medium,25,
NAG2025_1264,2025-07-09,07:05,Morning,Ajni,Ajni,21.12584,79.08209,Eve Teasing,3,High,1.09,4.62,TRUE,81,High,11,
NAG2025_1265,2025-06-24,08:56,Morning,Telangkhedi,Telangkhedi,21.15439,79.04759,Stalking,2,Medium,3.67,3.19,FALSE,70,High,10,
NAG2025_1266,2025-09-09,22:49,Night,Telangkhedi,Telangkhedi,21.15634,79.04783,Kidnapping,4,Medium,2.99,4.29,FALSE,86,High,10,
NAG2025_1267,2025-05-11,06:30,Morning,Ganeshpeth,Ganeshpeth,21.14503,79.09385,Sexual Harassment,10,Low,3.51,4.64,FALSE,44,Medium,14,
NAG2025_1268,2025-10-11,13:04,Afternoon,Kotwali,Kotwali,21.14721,79.1087,Eve Teasing,8,High,4.91,1.86,FALSE,35,Low,18,
NAG2025_1269,2025-01-29,10:12,Morning,Pardi,Pardi,21.14616,79.16452,Domestic Violence,1,Medium,1.27,0.82,FALSE,94,High,8,
NAG2025_1270,2025-07-30,21:43,Night,MIHAN,MIHAN,21.06052,79.01563,Assault,6,Low,2.19,3.5,FALSE,83,High,21,
NAG2025_1271,2025-12-06,23:57,Night,Dharampeth,Dharampeth,21.13668,79.06156,Eve Teasing,5,Low,0.92,4.52,FALSE,94,High,13,
NAG2025_1272,2025-02-21,09:37,Morning,Dharampeth,Dharampeth,21.13914,79.06368,Eve Teasing,4,Low,4.09,3.1,FALSE,84,High,13,
NAG2025_1273,2025-05-03,23:51,Night,Kalamna,Kalamna,21.1546,79.14327,Assault,9,Medium,1.55,1.84,FALSE,58,Medium,3,
NAG2025_1274,2025-01-07,05:33,Night,Mahal,Mahal,21.1437,79.11009,Assault,7,Low,2.94,0.69,TRUE,92,High,6,
NAG2025_1275,2025-10-03,03:49,Night,Wathoda,Wathoda,21.13749,79.13926,Stalking,5,Low,4.19,1.25,FALSE,88,High,30,
NAG2025_1276,2025-12-31,03:29,Night,Hudkeshwar,Hudkeshwar,21.09441,79.13027,Assault,1,High,3.08,2.77,FALSE,74,High,1,
NAG2025_1277,2025-11-21,21:05,Night,Panchpaoli,Panchpaoli,21.1507,79.08923,Assault,7,Medium,2.67,4.99,TRUE,88,High,24,
NAG2025_1278,2025-09-14,22:39,Night,Pardi,Pardi,21.13971,79.16205,Molestation,8,High,1.52,0.89,FALSE,63,Medium,8,
NAG2025_1279,2025-04-03,15:32,Afternoon,Yashodhara Nagar,Yashodhara Nagar,21.18039,79.12409,Molestation,1,High,1.99,4.92,FALSE,62,Medium,4,
NAG2025_1280,2025-03-25,13:50,Afternoon,Kotwali,Kotwali,21.1406,79.1035,Assault,9,Low,0.77,2.97,FALSE,59,Medium,18,
NAG2025_1281,2025-05-17,03:39,Night,Telangkhedi,Telangkhedi,21.15416,79.04435,Assault,9,High,0.92,2.18,FALSE,65,Medium,10,
NAG2025_1282,2025-10-04,11:46,Morning,Hudkeshwar,Hudkeshwar,21.08833,79.13055,Eve Teasing,9,High,2.76,4.13,TRUE,60,Medium,1,
NAG2025_1283,2025-10-31,15:09,Afternoon,Seminary Hills,Seminary Hills,21.17059,79.05157,Eve Teasing,8,Medium,2.2,3.54,FALSE,41,Low,27,
NAG2025_1284,2025-07-21,18:28,Evening,Kotwali,Kotwali,21.14067,79.11212,Sexual Harassment,7,Medium,3.52,4.78,TRUE,86,High,18,
NAG2025_1285,2025-03-25,12:46,Afternoon,Sadar,Sadar,21.16353,79.07179,Kidnapping,7,Low,1.16,3.25,FALSE,62,Medium,26,
NAG2025_1286,2025-11-26,16:27,Afternoon,Lakadganj,Lakadganj,21.14933,79.11881,Eve Teasing,4,Medium,2.4,0.85,TRUE,87,High,19,
NAG2025_1287,2025-06-01,05:30,Night,Lashkaribagh,Lashkaribagh,21.16825,79.09829,Domestic Violence,6,Low,4.89,0.43,FALSE,87,High,20,
NAG2025_1288,2025-01-20,01:56,Night,Wardha Road,Wardha Road,21.10434,79.06424,Domestic Violence,9,Medium,3.45,3.98,FALSE,55,Medium,29,
NAG2025_1289,2025-11-10,16:40,Afternoon,Imamwada,Imamwada,21.1342,79.09489,Molestation,4,Medium,1.38,0.28,TRUE,95,High,16,
NAG2025_1290,2025-10-13,19:28,Evening,Kotwali,Kotwali,21.1405,79.11243,Molestation,7,Low,2.99,0.92,FALSE,72,High,18,
NAG2025_1291,2025-07-30,16:56,Afternoon,Hudkeshwar,Hudkeshwar,21.08911,79.12402,Eve Teasing,9,Medium,4.99,1.15,TRUE,58,Medium,1,
NAG2025_1292,2025-09-27,14:59,Afternoon,Panchpaoli,Panchpaoli,21.15349,79.09411,Domestic Violence,8,High,0.72,1.71,FALSE,37,Low,24,
NAG2025_1293,2025-02-18,15:08,Afternoon,Ajni,Ajni,21.12744,79.08363,Domestic Violence,9,Low,1.1,1.75,FALSE,51,Medium,11,
NAG2025_1294,2025-07-16,11:03,Morning,Lashkaribagh,Lashkaribagh,21.16357,79.09764,Stalking,2,High,0.75,4.73,FALSE,66,Medium,20,
NAG2025_1295,2025-09-24,05:40,Night,Hudkeshwar,Hudkeshwar,21.09096,79.12377,Eve Teasing,1,Medium,1.93,0.24,FALSE,93,High,1,
NAG2025_1296,2025-04-08,15:10,Afternoon,Beltarodi,Beltarodi,21.0794,79.08035,Eve Teasing,3,Medium,1.88,4.63,TRUE,86,High,2,
NAG2025_1297,2025-05-10,19:08,Evening,Beltarodi,Beltarodi,21.07607,79.0819,Domestic Violence,2,High,2.74,1.68,TRUE,89,High,2,
NAG2025_1298,2025-04-30,15:18,Afternoon,Ajni,Ajni,21.12962,79.08556,Molestation,4,Medium,2.01,1.9,FALSE,71,High,11,
NAG2025_1299,2025-03-04,20:24,Evening,Mahal,Mahal,21.14132,79.10996,Domestic Violence,1,Low,1.64,4.5,FALSE,98,High,6,
NAG2025_1300,2025-08-28,00:29,Night,Telangkhedi,Telangkhedi,21.16081,79.04939,Kidnapping,8,High,3.44,4.74,FALSE,49,Medium,10,
NAG2025_1301,2025-01-13,19:48,Evening,Lakadganj,Lakadganj,21.1512,79.11432,Eve Teasing,5,Medium,0.37,1.91,FALSE,86,High,19,
NAG2025_1302,2025-03-03,10:58,Morning,Mahal,Mahal,21.14789,79.11148,Kidnapping,10,High,1.81,2.88,FALSE,30,Low,6,
NAG2025_1303,2025-07-26,03:43,Night,Gittikhadan,Gittikhadan,21.17055,79.05042,Domestic Violence,3,Low,0.46,4.23,FALSE,100,High,15,
NAG2025_1304,2025-07-28,04:29,Night,Ganeshpeth,Ganeshpeth,21.14416,79.09254,Stalking,1,Low,0.93,3.56,FALSE,100,High,14,
NAG2025_1305,2025-11-15,15:40,Afternoon,Hudkeshwar,Hudkeshwar,21.0956,79.13032,Eve Teasing,5,Low,0.48,1.46,FALSE,83,High,1,
NAG2025_1306,2025-01-02,22:04,Night,Ajni,Ajni,21.12877,79.08441,Sexual Harassment,10,High,4.23,2.99,TRUE,55,Medium,11,
NAG2025_1307,2025-01-20,14:45,Afternoon,Wathoda,Wathoda,21.14216,79.13521,Eve Teasing,3,Medium,1.15,0.25,FALSE,67,Medium,30,
NAG2025_1308,2025-06-22,14:07,Afternoon,Mahalaxmi Nagar,Mahalaxmi Nagar,21.09844,79.12043,Kidnapping,4,Medium,2.43,3.67,FALSE,58,Medium,9,
NAG2025_1309,2025-05-05,18:12,Evening,Seminary Hills,Seminary Hills,21.16981,79.05453,Domestic Violence,4,Medium,4.47,2.4,FALSE,77,High,27,
NAG2025_1310,2025-11-12,08:10,Morning,Kalamna,Kalamna,21.1581,79.14295,Sexual Harassment,2,High,0.75,4.68,FALSE,64,Medium,3,
NAG2025_1311,2025-05-26,15:21,Afternoon,Wardha Road,Wardha Road,21.10093,79.06969,Domestic Violence,9,Low,2.57,4.7,FALSE,43,Medium,29,
NAG2025_1312,2025-09-24,03:27,Night,Lakadganj,Lakadganj,21.15518,79.12001,Kidnapping,8,Medium,0.54,3.21,FALSE,82,High,19,
NAG2025_1313,2025-06-10,05:02,Night,Lashkaribagh,Lashkaribagh,21.16704,79.10316,Kidnapping,6,Low,1.39,4.48,FALSE,94,High,20,
NAG2025_1314,2025-12-10,06:11,Morning,Pratap Nagar,Pratap Nagar,21.12135,79.05503,Molestation,6,Medium,4.74,4.58,FALSE,51,Medium,25,
NAG2025_1315,2025-09-28,04:12,Night,Beltarodi,Beltarodi,21.07723,79.08007,Molestation,10,Medium,2.9,3.9,TRUE,75,High,2,
NAG2025_1316,2025-10-23,04:07,Night,Lashkaribagh,Lashkaribagh,21.16409,79.10349,Domestic Violence,7,High,2.46,2.59,TRUE,87,High,20,
NAG2025_1317,2025-09-12,17:43,Evening,Pardi,Pardi,21.14162,79.15947,Molestation,10,High,0.59,0.57,FALSE,52,Medium,8,
NAG2025_1318,2025-10-14,23:31,Night,Pratap Nagar,Pratap Nagar,21.1193,79.05349,Domestic Violence,4,Medium,2.18,1.23,FALSE,79,High,25,
NAG2025_1319,2025-12-12,02:08,Night,Wathoda,Wathoda,21.14205,79.13727,Eve Teasing,10,Low,3.31,0.26,FALSE,66,Medium,30,
NAG2025_1320,2025-01-09,11:11,Morning,Jaripatka,Jaripatka,21.17885,79.08115,Kidnapping,8,Low,2.34,3.09,FALSE,53,Medium,17,
NAG2025_1321,2025-12-28,15:01,Afternoon,Kotwali,Kotwali,21.14247,79.10671,Sexual Harassment,3,High,2.64,2.86,FALSE,60,Medium,18,
NAG2025_1322,2025-12-14,17:31,Evening,Beltarodi,Beltarodi,21.07059,79.07455,Domestic Violence,10,Low,3.59,1.34,TRUE,85,High,2,
NAG2025_1323,2025-12-28,19:32,Evening,Hudkeshwar,Hudkeshwar,21.09318,79.12299,Molestation,8,Low,1.81,4.46,FALSE,78,High,1,
NAG2025_1324,2025-02-03,15:42,Afternoon,Hudkeshwar,Hudkeshwar,21.08829,79.12436,Eve Teasing,1,Medium,3.09,2.12,FALSE,76,High,1,
NAG2025_1325,2025-06-10,08:06,Morning,Manewada,Manewada,21.09821,79.10518,Sexual Harassment,9,Medium,3.7,2.03,FALSE,45,Medium,22,
NAG2025_1326,2025-01-30,20:08,Evening,Kotwali,Kotwali,21.14838,79.11261,Molestation,1,High,3.66,1.76,FALSE,68,High,18,
NAG2025_1327,2025-03-24,19:56,Evening,Beltarodi,Beltarodi,21.07397,79.07311,Sexual Harassment,6,Medium,1.97,3.31,FALSE,76,High,2,
NAG2025_1328,2025-03-31,14:02,Afternoon,Mahal,Mahal,21.14318,79.10889,Molestation,5,High,4.67,1.19,TRUE,62,Medium,6,
NAG2025_1329,2025-04-06,08:32,Morning,Pratap Nagar,Pratap Nagar,21.11269,79.05143,Stalking,1,High,2.34,0.33,TRUE,95,High,25,
NAG2025_1330,2025-05-07,14:53,Afternoon,Panchpaoli,Panchpaoli,21.1563,79.09396,Sexual Harassment,8,High,1.68,3.39,TRUE,61,Medium,24,
NAG2025_1331,2025-02-23,15:07,Afternoon,Hudkeshwar,Hudkeshwar,21.08994,79.12257,Domestic Violence,1,Medium,2.73,0.63,TRUE,96,High,1,
NAG2025_1332,2025-06-26,19:52,Evening,Kalamna,Kalamna,21.15084,79.13902,Molestation,7,Medium,2.25,4.3,TRUE,87,High,3,
NAG2025_1333,2025-11-26,21:23,Night,Mahal,Mahal,21.14414,79.1127,Domestic Violence,6,Medium,4.06,4.24,FALSE,65,Medium,6,
NAG2025_1334,2025-11-27,06:08,Morning,Kalamna,Kalamna,21.15269,79.13722,Domestic Violence,1,Low,3.63,4.51,FALSE,87,High,3,
NAG2025_1335,2025-01-17,18:03,Evening,Yashodhara Nagar,Yashodhara Nagar,21.18452,79.12638,Eve Teasing,6,Medium,3.93,0.34,TRUE,87,High,4,
NAG2025_1336,2025-08-04,17:42,Evening,Hudkeshwar,Hudkeshwar,21.08867,79.13188,Molestation,6,Medium,3.5,0.6,FALSE,64,Medium,1,
NAG2025_1337,2025-03-11,12:28,Afternoon,Pardi,Pardi,21.14502,79.16221,Eve Teasing,3,High,0.24,4.42,FALSE,73,High,8,
NAG2025_1338,2025-05-11,01:46,Night,Telangkhedi,Telangkhedi,21.16123,79.05398,Sexual Harassment,10,Medium,4.27,2.77,FALSE,61,Medium,10,
NAG2025_1339,2025-05-10,20:30,Evening,Hudkeshwar,Hudkeshwar,21.09569,79.12795,Kidnapping,9,Medium,2.41,3.76,FALSE,50,Medium,1,
NAG2025_1340,2025-07-25,04:26,Night,Kalamna,Kalamna,21.15676,79.14564,Assault,2,Low,3.16,2.64,TRUE,100,High,3,
NAG2025_1341,2025-07-31,17:35,Evening,Wardha Road,Wardha Road,21.10887,79.06576,Domestic Violence,3,Medium,1.99,3.91,FALSE,86,High,29,
NAG2025_1342,2025-03-26,01:16,Night,Hudkeshwar,Hudkeshwar,21.09279,79.12356,Molestation,10,Low,2.72,0.23,TRUE,81,High,1,
NAG2025_1343,2025-02-27,08:07,Morning,Nandanvan,Nandanvan,21.13849,79.12946,Molestation,1,Low,3.39,1.56,FALSE,86,High,23,
NAG2025_1344,2025-12-19,16:01,Afternoon,Mahalaxmi Nagar,Mahalaxmi Nagar,21.09927,79.12405,Molestation,4,Medium,0.55,0.41,FALSE,79,High,9,
NAG2025_1345,2025-01-09,04:10,Night,Pardi,Pardi,21.14794,79.16064,Stalking,4,Low,4.22,3.34,FALSE,92,High,8,
NAG2025_1346,2025-12-12,17:24,Evening,Wardha Road,Wardha Road,21.10095,79.06454,Sexual Harassment,6,Medium,2.6,0.52,FALSE,65,Medium,29,
NAG2025_1347,2025-07-20,19:36,Evening,Pardi,Pardi,21.14033,79.15579,Molestation,3,Medium,3.31,3.13,FALSE,79,High,8,
NAG2025_1348,2025-03-19,15:56,Afternoon,Hudkeshwar,Hudkeshwar,21.09248,79.12668,Molestation,2,Low,2.63,0.96,FALSE,73,High,1,
NAG2025_1349,2025-10-10,18:23,Evening,Sadar,Sadar,21.16495,79.07834,Eve Teasing,3,Medium,4.96,0.33,FALSE,66,Medium,26,
NAG2025_1350,2025-11-30,02:18,Night,Sitabuldi,Sitabuldi,21.14227,79.08438,Kidnapping,1,Medium,2.31,4.16,FALSE,99,High,5,
NAG2025_1351,2025-06-25,09:30,Morning,Kalamna,Kalamna,21.15514,79.14345,Assault,3,Low,2.11,1.27,FALSE,74,High,3,
NAG2025_1352,2025-10-23,06:22,Morning,Beltarodi,Beltarodi,21.07633,79.07494,Sexual Harassment,7,Low,1.09,0.63,FALSE,68,High,2,
NAG2025_1353,2025-01-04,12:09,Afternoon,Lakadganj,Lakadganj,21.15455,79.12002,Domestic Violence,8,Medium,2.37,2.47,FALSE,55,Medium,19,
NAG2025_1354,2025-09-12,13:17,Afternoon,Kalamna,Kalamna,21.15246,79.1437,Eve Teasing,10,Low,1.42,4.21,FALSE,56,Medium,3,
NAG2025_1355,2025-06-24,13:26,Afternoon,Kalamna,Kalamna,21.15482,79.14521,Eve Teasing,9,Low,2.88,2.82,FALSE,51,Medium,3,
NAG2025_1356,2025-10-16,21:25,Night,Pratap Nagar,Pratap Nagar,21.11716,79.05542,Kidnapping,10,Low,0.41,1.28,FALSE,80,High,25,
NAG2025_1357,2025-04-29,06:42,Morning,Seminary Hills,Seminary Hills,21.16952,79.05829,Eve Teasing,2,Medium,3.9,1.35,FALSE,64,Medium,27,
NAG2025_1358,2025-10-31,12:10,Afternoon,Telangkhedi,Telangkhedi,21.16195,79.04866,Stalking,6,High,3.77,1.59,FALSE,40,Low,10,
NAG2025_1359,2025-08-06,23:48,Night,Nandanvan,Nandanvan,21.14078,79.13257,Assault,10,Medium,2.74,1.99,FALSE,57,Medium,23,
NAG2025_1360,2025-09-20,20:22,Evening,Gittikhadan,Gittikhadan,21.16714,79.05354,Domestic Violence,7,High,3.86,4.39,FALSE,49,Medium,15,
NAG2025_1361,2025-09-18,11:53,Morning,Panchpaoli,Panchpaoli,21.1545,79.09094,Stalking,9,High,1.94,4.93,FALSE,37,Low,24,
NAG2025_1362,2025-01-01,07:12,Morning,Hingna,Hingna,21.06815,79.02355,Eve Teasing,2,Medium,1.41,1.68,FALSE,70,High,7,
NAG2025_1363,2025-08-31,09:41,Morning,MIHAN,MIHAN,21.06393,79.02238,Eve Teasing,6,Medium,3.39,0.92,FALSE,45,Medium,21,
NAG2025_1364,2025-02-10,05:32,Night,Yashodhara Nagar,Yashodhara Nagar,21.18599,79.12282,Assault,4,Low,3.29,3.62,TRUE,100,High,4,
NAG2025_1365,2025-05-02,11:28,Morning,Imamwada,Imamwada,21.13842,79.09415,Assault,4,High,4.16,0.61,FALSE,56,Medium,16,
NAG2025_1366,2025-04-17,19:43,Evening,Seminary Hills,Seminary Hills,21.16417,79.05674,Molestation,5,High,1.05,3.99,FALSE,65,Medium,27,
NAG2025_1367,2025-11-30,21:46,Night,Telangkhedi,Telangkhedi,21.15717,79.05003,Stalking,9,High,3.95,1.11,FALSE,51,Medium,10,
NAG2025_1368,2025-05-16,13:48,Afternoon,Hudkeshwar,Hudkeshwar,21.08988,79.12783,Assault,1,Medium,1.71,2.74,FALSE,83,High,1,
NAG2025_1369,2025-04-03,07:21,Morning,Telangkhedi,Telangkhedi,21.15365,79.04434,Stalking,10,High,3.75,4.12,FALSE,19,Low,10,
NAG2025_1370,2025-07-26,17:28,Evening,Mahal,Mahal,21.14393,79.10754,Molestation,2,High,1.07,0.53,FALSE,69,High,6,
NAG2025_1371,2025-11-03,20:49,Evening,Kotwali,Kotwali,21.1455,79.10426,Stalking,3,Low,3.18,2.37,FALSE,85,High,18,
NAG2025_1372,2025-09-11,20:31,Evening,Yashodhara Nagar,Yashodhara Nagar,21.18374,79.12482,Assault,10,Medium,3.96,1.64,FALSE,43,Medium,4,
NAG2025_1373,2025-11-02,05:40,Night,Yashodhara Nagar,Yashodhara Nagar,21.18683,79.123,Kidnapping,10,High,3.24,1.93,FALSE,38,Low,4,
NAG2025_1374,2025-08-19,06:29,Morning,Sitabuldi,Sitabuldi,21.14515,79.08637,Stalking,4,Low,2.01,1.57,FALSE,70,High,5,
NAG2025_1375,2025-11-14,08:58,Morning,Kalamna,Kalamna,21.15311,79.13969,Eve Teasing,3,High,3.52,1.3,TRUE,73,High,3,
NAG2025_1376,2025-03-11,21:22,Night,Mahalaxmi Nagar,Mahalaxmi Nagar,21.10072,79.11626,Kidnapping,4,Medium,1.59,3.42,FALSE,93,High,9,
NAG2025_1377,2025-04-10,05:09,Night,Kalamna,Kalamna,21.15808,79.14031,Kidnapping,8,Low,1.63,1.7,FALSE,77,High,3,
NAG2025_1378,2025-06-23,03:41,Night,Kalamna,Kalamna,21.1516,79.13894,Assault,2,High,4.35,1.61,FALSE,69,High,3,
NAG2025_1379,2025-08-06,17:53,Evening,Beltarodi,Beltarodi,21.07748,79.07508,Domestic Violence,5,Low,2.22,4.54,FALSE,76,High,2,
NAG2025_1380,2025-06-10,06:48,Morning,Sitabuldi,Sitabuldi,21.14487,79.08984,Domestic Violence,4,Medium,0.27,0.64,TRUE,100,High,5,
NAG2025_1381,2025-11-24,05:53,Night,MIHAN,MIHAN,21.05586,79.02349,Sexual Harassment,9,Medium,4.22,4.95,FALSE,60,Medium,21,
NAG2025_1382,2025-11-12,21:58,Night,Beltarodi,Beltarodi,21.0763,79.07261,Eve Teasing,5,High,4.3,2.11,FALSE,62,Medium,2,
NAG2025_1383,2025-09-23,05:24,Night,Kotwali,Kotwali,21.14327,79.11249,Eve Teasing,6,High,3.93,4.47,FALSE,59,Medium,18,
NAG2025_1384,2025-12-02,00:16,Night,Beltarodi,Beltarodi,21.07952,79.08192,Molestation,9,Medium,2.28,2.14,TRUE,90,High,2,
NAG2025_1385,2025-03-04,23:01,Night,Jaripatka,Jaripatka,21.17853,79.08672,Stalking,3,High,3.26,4.63,TRUE,100,High,17,
NAG2025_1386,2025-06-04,06:11,Morning,Sitabuldi,Sitabuldi,21.14035,79.08732,Domestic Violence,4,Medium,2.72,4.82,TRUE,87,High,5,
NAG2025_1387,2025-11-12,21:29,Night,Lashkaribagh,Lashkaribagh,21.16912,79.10066,Eve Teasing,6,Medium,3.13,3.74,FALSE,75,High,20,
NAG2025_1388,2025-05-22,07:02,Morning,Trimurti Nagar,Trimurti Nagar,21.11623,79.03529,Eve Teasing,8,Low,4.66,2.38,FALSE,56,Medium,28,
NAG2025_1389,2025-03-12,03:42,Night,MIHAN,MIHAN,21.06133,79.01722,Kidnapping,6,Low,3.21,0.5,FALSE,90,High,21,
NAG2025_1390,2025-01-25,15:49,Afternoon,Lashkaribagh,Lashkaribagh,21.1664,79.10429,Eve Teasing,9,High,3.33,2.69,FALSE,36,Low,20,
NAG2025_1391,2025-03-14,12:49,Afternoon,Pardi,Pardi,21.14885,79.16085,Assault,2,Medium,1.13,2.96,TRUE,95,High,8,
NAG2025_1392,2025-01-29,14:01,Afternoon,Sitabuldi,Sitabuldi,21.144,79.08633,Eve Teasing,5,High,2.53,1.86,FALSE,38,Low,5,
NAG2025_1393,2025-06-05,15:14,Afternoon,Seminary Hills,Seminary Hills,21.16923,79.05497,Molestation,10,Medium,4.45,1.71,FALSE,40,Low,27,
NAG2025_1394,2025-06-04,05:37,Night,Hingna,Hingna,21.06795,79.02134,Assault,10,Medium,4.71,0.56,TRUE,72,High,7,
NAG2025_1395,2025-02-07,09:25,Morning,Kalamna,Kalamna,21.15498,79.13733,Domestic Violence,5,Medium,4.13,1.21,FALSE,50,Medium,3,
NAG2025_1396,2025-01-02,15:02,Afternoon,Ajni,Ajni,21.12253,79.08036,Domestic Violence,5,Low,2.96,0.73,TRUE,88,High,11,
NAG2025_1397,2025-08-05,05:17,Night,Sadar,Sadar,21.16277,79.07317,Eve Teasing,7,Low,2.14,1.65,FALSE,90,High,26,
NAG2025_1398,2025-01-13,08:40,Morning,Sadar,Sadar,21.16119,79.07084,Domestic Violence,4,Low,2.22,0.57,FALSE,88,High,26,
NAG2025_1399,2025-02-13,18:57,Evening,Gittikhadan,Gittikhadan,21.17234,79.05205,Domestic Violence,1,Low,2.02,3.57,FALSE,98,High,15,
NAG2025_1400,2025-11-19,12:07,Afternoon,Imamwada,Imamwada,21.13306,79.08758,Molestation,5,Medium,1.76,0.89,FALSE,55,Medium,16,
NAG2025_1401,2025-07-07,00:41,Night,Lashkaribagh,Lashkaribagh,21.16789,79.09777,Domestic Violence,9,High,2.23,3.63,FALSE,53,Medium,20,
NAG2025_1402,2025-06-19,21:33,Night,Lashkaribagh,Lashkaribagh,21.1618,79.09506,Molestation,6,Low,1.69,2.44,FALSE,81,High,20,
NAG2025_1403,2025-06-15,19:21,Evening,Sadar,Sadar,21.16223,79.07298,Eve Teasing,4,Low,3.77,4.2,FALSE,77,High,26,
NAG2025_1404,2025-02-27,19:03,Evening,Sadar,Sadar,21.16236,79.07555,Molestation,4,Medium,0.77,1.86,FALSE,91,High,26,
NAG2025_1405,2025-02-06,23:57,Night,Pratap Nagar,Pratap Nagar,21.11236,79.0529,Stalking,5,Medium,0.8,4.66,FALSE,79,High,25,
NAG2025_1406,2025-10-22,16:13,Afternoon,Beltarodi,Beltarodi,21.07561,79.07732,Eve Teasing,4,High,3.07,0.65,TRUE,79,High,2,
NAG2025_1407,2025-09-20,18:00,Evening,MIHAN,MIHAN,21.06173,79.01619,Sexual Harassment,2,Medium,3.81,2.26,FALSE,85,High,21,
NAG2025_1408,2025-05-16,03:49,Night,Kotwali,Kotwali,21.14292,79.11212,Eve Teasing,10,Low,1.98,3.4,FALSE,77,High,18,
NAG2025_1409,2025-12-09,03:10,Night,Beltarodi,Beltarodi,21.0752,79.07524,Eve Teasing,6,High,2.28,0.55,TRUE,81,High,2,
NAG2025_1410,2025-01-01,03:33,Night,Yashodhara Nagar,Yashodhara Nagar,21.17741,79.1286,Eve Teasing,2,Medium,1.61,4.16,FALSE,96,High,4,
NAG2025_1411,2025-04-03,14:35,Afternoon,Mahal,Mahal,21.14076,79.10722,Stalking,2,High,3.01,1.67,FALSE,57,Medium,6,
NAG2025_1412,2025-04-10,18:51,Evening,Mahal,Mahal,21.14771,79.11358,Assault,8,High,1.07,3.43,FALSE,49,Medium,6,
NAG2025_1413,2025-05-18,13:08,Afternoon,Hudkeshwar,Hudkeshwar,21.09275,79.12846,Molestation,4,Medium,3.65,3.14,TRUE,78,High,1,
NAG2025_1414,2025-09-27,21:24,Night,Pardi,Pardi,21.14315,79.16207,Stalking,5,Medium,2.37,1.99,FALSE,83,High,8,
NAG2025_1415,2025-06-13,20:03,Evening,Hudkeshwar,Hudkeshwar,21.08638,79.12333,Molestation,4,High,1.53,0.39,TRUE,83,High,1,
NAG2025_1416,2025-10-16,08:16,Morning,Mahal,Mahal,21.1403,79.10917,Sexual Harassment,3,Medium,2.06,3.25,FALSE,65,Medium,6,
NAG2025_1417,2025-01-05,02:14,Night,Lakadganj,Lakadganj,21.15552,79.11944,Assault,10,High,1.56,3.46,FALSE,42,Medium,19,
NAG2025_1418,2025-11-09,03:27,Night,Hudkeshwar,Hudkeshwar,21.08868,79.12914,Sexual Harassment,2,Medium,0.63,2.82,TRUE,100,High,1,
NAG2025_1419,2025-02-23,12:39,Afternoon,Telangkhedi,Telangkhedi,21.15471,79.05025,Eve Teasing,2,Low,4.06,4.79,FALSE,78,High,10,
NAG2025_1420,2025-01-03,04:02,Night,Telangkhedi,Telangkhedi,21.15538,79.04513,Molestation,2,Medium,3.77,2.4,FALSE,86,High,10,
NAG2025_1421,2025-07-24,14:31,Afternoon,Trimurti Nagar,Trimurti Nagar,21.11855,79.04019,Sexual Harassment,9,High,3.44,0.88,FALSE,21,Low,28,
NAG2025_1422,2025-06-17,17:20,Evening,Beltarodi,Beltarodi,21.07807,79.07559,Domestic Violence,3,High,1.04,0.22,FALSE,78,High,2,
NAG2025_1423,2025-12-11,07:15,Morning,Yashodhara Nagar,Yashodhara Nagar,21.18371,79.12231,Eve Teasing,1,Medium,0.79,0.88,TRUE,100,High,4,
NAG2025_1424,2025-03-28,23:52,Night,Panchpaoli,Panchpaoli,21.15665,79.08922,Sexual Harassment,9,High,2.36,4.47,TRUE,68,High,24,
NAG2025_1425,2025-11-09,15:59,Afternoon,Mahal,Mahal,21.13897,79.10813,Eve Teasing,4,High,2.55,2.89,TRUE,69,High,6,
NAG2025_1426,2025-07-04,08:20,Morning,Trimurti Nagar,Trimurti Nagar,21.10928,79.04079,Domestic Violence,3,Low,4.54,1.43,FALSE,77,High,28,
NAG2025_1427,2025-08-20,09:32,Morning,Lashkaribagh,Lashkaribagh,21.16931,79.09616,Eve Teasing,1,Medium,2.47,1.25,FALSE,88,High,20,
NAG2025_1428,2025-07-21,20:35,Evening,Sadar,Sadar,21.15915,79.0689,Stalking,5,Medium,4.15,0.3,FALSE,74,High,26,
NAG2025_1429,2025-12-11,18:44,Evening,Jaripatka,Jaripatka,21.17827,79.08641,Kidnapping,3,Low,4.06,3.43,FALSE,94,High,17,
NAG2025_1430,2025-02-08,08:14,Morning,Telangkhedi,Telangkhedi,21.15793,79.05293,Stalking,1,Medium,4.22,4.51,FALSE,78,High,10,
NAG2025_1431,2025-08-30,23:57,Night,Hudkeshwar,Hudkeshwar,21.09548,79.13114,Assault,8,Low,3.41,3.28,FALSE,68,High,1,
NAG2025_1432,2025-02-18,03:03,Night,Dharampeth,Dharampeth,21.14421,79.06652,Eve Teasing,2,High,4.0,2.41,FALSE,84,High,13,
NAG2025_1433,2025-11-29,15:11,Afternoon,Seminary Hills,Seminary Hills,21.16376,79.0541,Domestic Violence,3,Medium,2.36,4.09,FALSE,77,High,27,
NAG2025_1434,2025-06-27,16:37,Afternoon,Telangkhedi,Telangkhedi,21.15558,79.04507,Eve Teasing,3,High,1.81,3.04,FALSE,63,Medium,10,
NAG2025_1435,2025-03-13,00:17,Night,Beltarodi,Beltarodi,21.0706,79.08056,Stalking,7,High,4.48,3.07,TRUE,79,High,2,
NAG2025_1436,2025-08-08,12:16,Afternoon,Gittikhadan,Gittikhadan,21.16766,79.05048,Molestation,8,Low,3.53,2.98,TRUE,78,High,15,
NAG2025_1437,2025-06-30,00:43,Night,Yashodhara Nagar,Yashodhara Nagar,21.18345,79.12363,Kidnapping,7,Low,3.54,0.72,FALSE,79,High,4,
NAG2025_1438,2025-04-25,21:51,Night,Sitabuldi,Sitabuldi,21.13919,79.08656,Stalking,3,High,2.62,1.13,TRUE,90,High,5,
NAG2025_1439,2025-10-26,15:29,Afternoon,Kalamna,Kalamna,21.15115,79.14426,Eve Teasing,4,High,2.35,4.55,FALSE,56,Medium,3,
NAG2025_1440,2025-06-01,02:59,Night,Pratap Nagar,Pratap Nagar,21.11483,79.05864,Domestic Violence,5,Medium,4.95,2.19,FALSE,81,High,25,
NAG2025_1441,2025-11-22,17:15,Evening,Panchpaoli,Panchpaoli,21.14746,79.09684,Molestation,8,Medium,1.23,2.77,FALSE,59,Medium,24,
NAG2025_1442,2025-05-15,14:13,Afternoon,Jaripatka,Jaripatka,21.18441,79.08601,Assault,7,Low,3.74,0.52,TRUE,79,High,17,
NAG2025_1443,2025-04-12,19:47,Evening,Lashkaribagh,Lashkaribagh,21.16532,79.09995,Sexual Harassment,3,Low,3.52,4.74,FALSE,77,High,20,
NAG2025_1444,2025-02-23,18:27,Evening,Wathoda,Wathoda,21.13613,79.1345,Stalking,8,Medium,4.69,3.51,FALSE,60,Medium,30,
NAG2025_1445,2025-06-24,16:39,Afternoon,Mahal,Mahal,21.14516,79.10973,Domestic Violence,8,Low,1.08,3.66,FALSE,69,High,6,
NAG2025_1446,2025-11-22,22:19,Night,Lakadganj,Lakadganj,21.15368,79.11656,Sexual Harassment,1,Medium,4.47,3.57,FALSE,100,High,19,